2026-03-29 11:57:28,571 [INFO] Total: 11594 | Já feitos: 1416 | Restantes: 10178
2026-03-29 11:57:35,275 [INFO] Driver initialised.
2026-03-29 11:57:35,275 [INFO] [1/10178] 126750344…
2026-03-29 11:57:52,897 [INFO] [126750344] Sem bula do paciente.
2026-03-29 11:57:52,897 [INFO] [126750344] Sem bula — marcado no checkpoint.
2026-03-29 11:57:52,898 [INFO] [2/10178] 118190207…
2026-03-29 11:57:55,585 [INFO] [118190207] Baixado → bula_1774785475528.pdf
2026-03-29 11:57:55,586 [ERROR] [118190207] Erro ao processar PDF: Cannot open empty file: filename='/home/yanetti/Desktop/extensao/server-medications/lembramed/api/src/anvisa_data/data/bula_1774785475528.pdf'.
2026-03-29 11:57:55,595 [INFO] [3/10178] 104970286…
2026-03-29 11:57:59,328 [INFO] [104970286] Baixado → bula_1774785479095.pdf
2026-03-29 11:57:59,500 [INFO] [4/10178] 102980490…
2026-03-29 11:58:01,130 [INFO] [102980490] Baixado → bula_1774785481081.pdf
2026-03-29 11:58:01,176 [INFO] [5/10178] 102980480…
2026-03-29 11:58:02,801 [INFO] [102980480] Baixado → bula_1774785482499.pdf
2026-03-29 11:58:02,822 [INFO] [6/10178] 125680081…
2026-03-29 11:58:11,516 [INFO] [125680081] Sem bula do paciente.
2026-03-29 11:58:11,516 [INFO] [125680081] Sem bula — marcado no checkpoint.
2026-03-29 11:58:11,517 [INFO] [7/10178] 125680158…
2026-03-29 11:58:13,138 [INFO] [125680158] Baixado → bula_1774785492509.pdf
2026-03-29 11:58:13,155 [INFO] [8/10178] 102350947…
2026-03-29 11:58:14,776 [INFO] [102350947] Baixado → bula_1774785494762.pdf
2026-03-29 11:58:14,794 [INFO] [9/10178] 105830643…
2026-03-29 11:58:16,431 [INFO] [105830643] Baixado → bula_1774785496167.pdf
2026-03-29 11:58:16,450 [INFO] [10/10178] 167730094…
2026-03-29 11:58:18,072 [INFO] [167730094] Baixado → bula_1774785497941.pdf
2026-03-29 11:58:18,087 [INFO] [11/10178] 183260237…
2026-03-29 11:58:20,700 [INFO] [183260237] Baixado → bula_1774785500294.pdf
2026-03-29 11:58:20,724 [INFO] [12/10178] 183260254…
2026-03-29 11:58:22,330 [INFO] [183260254] Baixado → bula_1774785502228.pdf
2026-03-29 11:58:22,351 [INFO] [13/10178] 141070125…
2026-03-29 11:58:25,970 [INFO] [141070125] Baixado → bula_1774785505764.pdf
2026-03-29 11:58:25,984 [INFO] [14/10178] 101470131…
2026-03-29 11:58:34,642 [INFO] [101470131] Sem bula do paciente.
2026-03-29 11:58:34,642 [INFO] [101470131] Sem bula — marcado no checkpoint.
2026-03-29 11:58:34,643 [INFO] [15/10178] 170560054…
2026-03-29 11:58:37,259 [INFO] [170560054] Baixado → bula_1774785516645.pdf
2026-03-29 11:58:37,303 [INFO] [16/10178] 102351206…
2026-03-29 11:58:40,906 [INFO] [102351206] Baixado → bula_1774785520314.pdf
2026-03-29 11:58:40,935 [INFO] [17/10178] 105830234…
2026-03-29 11:58:42,560 [INFO] [105830234] Baixado → bula_1774785522381.pdf
2026-03-29 11:58:42,582 [INFO] [18/10178] 104970099…
2026-03-29 11:58:44,188 [INFO] [104970099] Baixado → bula_1774785523989.pdf
2026-03-29 11:58:44,216 [INFO] [19/10178] 143810021…
2026-03-29 11:58:52,923 [INFO] [143810021] Sem bula do paciente.
2026-03-29 11:58:52,923 [INFO] [143810021] Sem bula — marcado no checkpoint.
2026-03-29 11:58:52,924 [INFO] [20/10178] 143810080…
2026-03-29 11:58:55,583 [INFO] [143810080] Baixado → bula_1774785534797.pdf
2026-03-29 11:58:55,625 [INFO] [21/10178] 188710009…
2026-03-29 11:58:59,245 [INFO] [188710009] Baixado → bula_1774785539057.pdf
2026-03-29 11:58:59,289 [INFO] [22/10178] 116370098…
2026-03-29 11:59:01,908 [INFO] [116370098] Baixado → bula_1774785541170.pdf
2026-03-29 11:59:01,932 [INFO] [23/10178] 100681086…
2026-03-29 11:59:04,552 [INFO] [100681086] Baixado → bula_1774785543958.pdf
2026-03-29 11:59:04,584 [INFO] [24/10178] 100430992…
2026-03-29 11:59:06,202 [INFO] [100430992] Baixado → bula_1774785546179.pdf
2026-03-29 11:59:06,219 [INFO] [25/10178] 100681093…
2026-03-29 11:59:08,843 [INFO] [100681093] Baixado → bula_1774785548312.pdf
2026-03-29 11:59:08,874 [INFO] [26/10178] 100431015…
2026-03-29 11:59:17,540 [INFO] [100431015] Sem bula do paciente.
2026-03-29 11:59:17,540 [INFO] [100431015] Sem bula — marcado no checkpoint.
2026-03-29 11:59:17,541 [INFO] [27/10178] 143810083…
2026-03-29 11:59:19,157 [INFO] [143810083] Baixado → bula_1774785558870.pdf
2026-03-29 11:59:19,177 [INFO] [28/10178] 143810057…
2026-03-29 11:59:20,787 [INFO] [143810057] Baixado → bula_1774785560307.pdf
2026-03-29 11:59:20,804 [INFO] [29/10178] 143810115…
2026-03-29 11:59:29,461 [INFO] [143810115] Sem bula do paciente.
2026-03-29 11:59:29,461 [INFO] [143810115] Sem bula — marcado no checkpoint.
2026-03-29 11:59:29,462 [INFO] [30/10178] 143810272…
2026-03-29 11:59:31,079 [INFO] [143810272] Baixado → bula_1774785570704.pdf
2026-03-29 11:59:31,094 [INFO] [31/10178] 143810109…
2026-03-29 12:00:01,708 [WARNING] [143810109] PDF não apareceu no disco — possível erro de driver.
2026-03-29 12:00:01,708 [WARNING] [143810109] Erro de driver (1/3). NÃO marcado no checkpoint.
2026-03-29 12:00:01,708 [INFO] Reiniciando driver…
2026-03-29 12:00:08,026 [INFO] Driver initialised.
2026-03-29 12:00:08,026 [INFO] Driver reiniciado com sucesso.
2026-03-29 12:00:08,026 [INFO] [31/10178] 143810109…
2026-03-29 12:00:16,955 [INFO] [143810109] Baixado → bula_1774785616625.pdf
2026-03-29 12:00:16,968 [INFO] [32/10178] 143810096…
2026-03-29 12:00:18,635 [INFO] [143810096] Baixado → bula_1774785618254.pdf
2026-03-29 12:00:18,656 [INFO] [33/10178] 143810229…
2026-03-29 12:00:27,343 [INFO] [143810229] Sem bula do paciente.
2026-03-29 12:00:27,343 [INFO] [143810229] Sem bula — marcado no checkpoint.
2026-03-29 12:00:27,344 [INFO] [34/10178] 143810237…
2026-03-29 12:00:36,049 [INFO] [143810237] Sem bula do paciente.
2026-03-29 12:00:36,049 [INFO] [143810237] Sem bula — marcado no checkpoint.
2026-03-29 12:00:36,050 [INFO] [35/10178] 143810059…
2026-03-29 12:00:37,675 [INFO] [143810059] Baixado → bula_1774785637616.pdf
2026-03-29 12:00:37,701 [INFO] [36/10178] 143810038…
2026-03-29 12:00:46,373 [INFO] [143810038] Sem bula do paciente.
2026-03-29 12:00:46,374 [INFO] [143810038] Sem bula — marcado no checkpoint.
2026-03-29 12:00:46,374 [INFO] [37/10178] 103700402…
2026-03-29 12:00:47,999 [INFO] [103700402] Baixado → bula_1774785647608.pdf
2026-03-29 12:00:48,024 [INFO] [38/10178] 123610087…
2026-03-29 12:00:52,649 [INFO] [123610087] Baixado → bula_1774785652184.pdf
2026-03-29 12:00:52,721 [INFO] [39/10178] 100380092…
2026-03-29 12:01:01,392 [INFO] [100380092] Sem bula do paciente.
2026-03-29 12:01:01,392 [INFO] [100380092] Sem bula — marcado no checkpoint.
2026-03-29 12:01:01,393 [INFO] [40/10178] 115410008…
2026-03-29 12:01:04,017 [INFO] [115410008] Baixado → bula_1774785663712.pdf
2026-03-29 12:01:04,036 [INFO] [41/10178] 105710111…
2026-03-29 12:01:12,708 [INFO] [105710111] Sem bula do paciente.
2026-03-29 12:01:12,708 [INFO] [105710111] Sem bula — marcado no checkpoint.
2026-03-29 12:01:12,764 [INFO] [42/10178] 101160126…
2026-03-29 12:01:21,435 [INFO] [101160126] Sem bula do paciente.
2026-03-29 12:01:21,435 [INFO] [101160126] Sem bula — marcado no checkpoint.
2026-03-29 12:01:21,436 [INFO] [43/10178] 123520143…
2026-03-29 12:01:24,106 [INFO] [123520143] Baixado → bula_1774785683422.pdf
2026-03-29 12:01:24,130 [INFO] [44/10178] 115600027…
2026-03-29 12:01:25,756 [INFO] [115600027] Baixado → bula_1774785685693.pdf
2026-03-29 12:01:25,771 [INFO] [45/10178] 135690034…
2026-03-29 12:01:27,413 [INFO] [135690034] Baixado → bula_1774785687078.pdf
2026-03-29 12:01:27,424 [INFO] [46/10178] 102980096…
2026-03-29 12:01:30,048 [INFO] [102980096] Baixado → bula_1774785689540.pdf
2026-03-29 12:01:30,122 [INFO] [47/10178] 105730445…
2026-03-29 12:01:33,777 [INFO] [105730445] Baixado → bula_1774785693721.pdf
2026-03-29 12:01:33,806 [INFO] [48/10178] 143810257…
2026-03-29 12:01:42,479 [INFO] [143810257] Sem bula do paciente.
2026-03-29 12:01:42,480 [INFO] [143810257] Sem bula — marcado no checkpoint.
2026-03-29 12:01:42,481 [INFO] [49/10178] 104750043…
2026-03-29 12:01:44,152 [INFO] [104750043] Baixado → bula_1774785703923.pdf
2026-03-29 12:01:44,176 [INFO] [50/10178] 154230031…
2026-03-29 12:02:07,584 [INFO] [154230031] Sem bula do paciente.
2026-03-29 12:02:07,584 [INFO] [154230031] Sem bula — marcado no checkpoint.
2026-03-29 12:02:07,585 [INFO] [51/10178] 154230158…
2026-03-29 12:02:11,212 [INFO] [154230158] Baixado → bula_1774785730494.pdf
2026-03-29 12:02:11,236 [INFO] [52/10178] 170560103…
2026-03-29 12:02:14,855 [INFO] [170560103] Baixado → bula_1774785733950.pdf
2026-03-29 12:02:14,927 [INFO] [53/10178] 103110151…
2026-03-29 12:02:17,548 [INFO] [103110151] Baixado → bula_1774785736972.pdf
2026-03-29 12:02:17,602 [INFO] [54/10178] 100470273…
2026-03-29 12:02:19,222 [INFO] [100470273] Baixado → bula_1774785738934.pdf
2026-03-29 12:02:19,273 [INFO] Reinício preventivo após 40 downloads.
2026-03-29 12:02:19,273 [INFO] Reiniciando driver…
2026-03-29 12:02:25,351 [INFO] Driver initialised.
2026-03-29 12:02:25,351 [INFO] Driver reiniciado com sucesso.
2026-03-29 12:02:25,351 [INFO] [55/10178] 167730658…
2026-03-29 12:02:34,573 [INFO] [167730658] Baixado → bula_1774785754445.pdf
2026-03-29 12:02:34,618 [INFO] [56/10178] 103850087…
2026-03-29 12:02:36,271 [INFO] [103850087] Baixado → bula_1774785756018.pdf
2026-03-29 12:02:36,322 [INFO] [57/10178] 154230231…
2026-03-29 12:02:37,952 [INFO] [154230231] Baixado → bula_1774785757829.pdf
2026-03-29 12:02:37,973 [INFO] [58/10178] 105730607…
2026-03-29 12:02:41,604 [INFO] [105730607] Baixado → bula_1774785760874.pdf
2026-03-29 12:02:41,631 [INFO] [59/10178] 103700737…
2026-03-29 12:02:43,264 [INFO] [103700737] Baixado → bula_1774785762676.pdf
2026-03-29 12:02:43,280 [INFO] [60/10178] 141070020…
2026-03-29 12:02:44,913 [INFO] [141070020] Baixado → bula_1774785764765.pdf
2026-03-29 12:02:44,956 [INFO] [61/10178] 103110120…
2026-03-29 12:02:50,582 [INFO] [103110120] Baixado → bula_1774785770147.pdf
2026-03-29 12:02:50,671 [INFO] [62/10178] 155840096…
2026-03-29 12:02:53,335 [INFO] [155840096] Baixado → bula_1774785772538.pdf
2026-03-29 12:02:53,425 [INFO] [63/10178] 105350179…
2026-03-29 12:03:16,877 [INFO] [105350179] Sem bula do paciente.
2026-03-29 12:03:16,877 [INFO] [105350179] Sem bula — marcado no checkpoint.
2026-03-29 12:03:16,878 [INFO] [64/10178] 118360018…
2026-03-29 12:03:25,594 [INFO] [118360018] Sem bula do paciente.
2026-03-29 12:03:25,594 [INFO] [118360018] Sem bula — marcado no checkpoint.
2026-03-29 12:03:25,595 [INFO] [65/10178] 105500172…
2026-03-29 12:03:27,221 [INFO] [105500172] Baixado → bula_1774785806674.pdf
2026-03-29 12:03:27,263 [INFO] [66/10178] 102010050…
2026-03-29 12:03:35,946 [INFO] [102010050] Sem bula do paciente.
2026-03-29 12:03:35,946 [INFO] [102010050] Sem bula — marcado no checkpoint.
2026-03-29 12:03:35,947 [INFO] [67/10178] 102980404…
2026-03-29 12:03:38,080 [INFO] [102980404] Baixado → bula_1774785817717.pdf
2026-03-29 12:03:38,107 [INFO] [68/10178] 104971465…
2026-03-29 12:03:39,721 [INFO] [104971465] Baixado → bula_1774785819670.pdf
2026-03-29 12:03:39,750 [INFO] [69/10178] 155370002…
2026-03-29 12:03:41,375 [INFO] [155370002] Baixado → bula_1774785821329.pdf
2026-03-29 12:03:41,398 [INFO] [70/10178] 103900132…
2026-03-29 12:03:50,059 [INFO] [103900132] Sem bula do paciente.
2026-03-29 12:03:50,059 [INFO] [103900132] Sem bula — marcado no checkpoint.
2026-03-29 12:03:50,060 [INFO] [71/10178] 154230140…
2026-03-29 12:03:53,716 [INFO] [154230140] Baixado → bula_1774785832716.pdf
2026-03-29 12:03:53,845 [INFO] [72/10178] 102660157…
2026-03-29 12:04:02,513 [INFO] [102660157] Sem bula do paciente.
2026-03-29 12:04:02,513 [INFO] [102660157] Sem bula — marcado no checkpoint.
2026-03-29 12:04:02,514 [INFO] [73/10178] 167730268…
2026-03-29 12:04:11,179 [INFO] [167730268] Sem bula do paciente.
2026-03-29 12:04:11,179 [INFO] [167730268] Sem bula — marcado no checkpoint.
2026-03-29 12:04:11,180 [INFO] [74/10178] 105830677…
2026-03-29 12:04:19,849 [INFO] [105830677] Sem bula do paciente.
2026-03-29 12:04:19,849 [INFO] [105830677] Sem bula — marcado no checkpoint.
2026-03-29 12:04:19,850 [INFO] [75/10178] 123520101…
2026-03-29 12:04:22,472 [INFO] [123520101] Baixado → bula_1774785861743.pdf
2026-03-29 12:04:22,503 [INFO] [76/10178] 100470377…
2026-03-29 12:04:31,168 [INFO] [100470377] Sem bula do paciente.
2026-03-29 12:04:31,168 [INFO] [100470377] Sem bula — marcado no checkpoint.
2026-03-29 12:04:31,169 [INFO] [77/10178] 156510011…
2026-03-29 12:04:34,788 [INFO] [156510011] Baixado → bula_1774785873885.pdf
2026-03-29 12:04:34,815 [INFO] [78/10178] 105730543…
2026-03-29 12:04:37,430 [INFO] [105730543] Baixado → bula_1774785877363.pdf
2026-03-29 12:04:37,481 [INFO] [79/10178] 100431271…
2026-03-29 12:04:40,096 [INFO] [100431271] Baixado → bula_1774785879297.pdf
2026-03-29 12:04:40,126 [INFO] [80/10178] 183260165…
2026-03-29 12:04:42,780 [INFO] [183260165] Baixado → bula_1774785882081.pdf
2026-03-29 12:04:42,816 [INFO] [81/10178] 188300088…
2026-03-29 12:04:45,440 [INFO] [188300088] Baixado → bula_1774785884927.pdf
2026-03-29 12:04:45,483 [INFO] [82/10178] 109930013…
2026-03-29 12:04:54,154 [INFO] [109930013] Sem bula do paciente.
2026-03-29 12:04:54,154 [INFO] [109930013] Sem bula — marcado no checkpoint.
2026-03-29 12:04:54,155 [INFO] [83/10178] 103700688…
2026-03-29 12:04:55,825 [INFO] [103700688] Baixado → bula_1774785895247.pdf
2026-03-29 12:04:55,854 [INFO] [84/10178] 155370005…
2026-03-29 12:04:58,483 [INFO] [155370005] Baixado → bula_1774785897572.pdf
2026-03-29 12:04:58,529 [INFO] [85/10178] 188300064…
2026-03-29 12:05:07,195 [INFO] [188300064] Sem bula do paciente.
2026-03-29 12:05:07,195 [INFO] [188300064] Sem bula — marcado no checkpoint.
2026-03-29 12:05:07,195 [INFO] [86/10178] 116370052…
2026-03-29 12:05:09,820 [INFO] [116370052] Baixado → bula_1774785909036.pdf
2026-03-29 12:05:09,850 [INFO] [87/10178] 100431408…
2026-03-29 12:05:12,458 [INFO] [100431408] Baixado → bula_1774785911548.pdf
2026-03-29 12:05:12,473 [INFO] [88/10178] 102980330…
2026-03-29 12:05:14,088 [INFO] [102980330] Baixado → bula_1774785913920.pdf
2026-03-29 12:05:14,113 [INFO] [89/10178] 121420669…
2026-03-29 12:05:19,728 [INFO] [121420669] Baixado → bula_1774785918787.pdf
2026-03-29 12:05:19,797 [INFO] [90/10178] 121420673…
2026-03-29 12:05:28,974 [INFO] [121420673] Sem bula do paciente.
2026-03-29 12:05:28,974 [INFO] [121420673] Sem bula — marcado no checkpoint.
2026-03-29 12:05:28,975 [INFO] [91/10178] 115410001…
2026-03-29 12:05:35,589 [INFO] [115410001] Baixado → bula_1774785935047.pdf
2026-03-29 12:05:35,618 [INFO] [92/10178] 101800104…
2026-03-29 12:05:44,293 [INFO] [101800104] Sem bula do paciente.
2026-03-29 12:05:44,293 [INFO] [101800104] Sem bula — marcado no checkpoint.
2026-03-29 12:05:44,294 [INFO] [93/10178] 100470479…
2026-03-29 12:06:14,972 [WARNING] [100470479] PDF não apareceu no disco — possível erro de driver.
2026-03-29 12:06:14,972 [WARNING] [100470479] Erro de driver (1/3). NÃO marcado no checkpoint.
2026-03-29 12:06:14,972 [INFO] Reiniciando driver…
2026-03-29 12:06:21,283 [INFO] Driver initialised.
2026-03-29 12:06:21,283 [INFO] Driver reiniciado com sucesso.
2026-03-29 12:06:21,283 [INFO] [93/10178] 100470479…
2026-03-29 12:06:30,824 [INFO] [100470479] Baixado → bula_1774785990145.pdf
2026-03-29 12:06:30,851 [INFO] [94/10178] 103700561…
2026-03-29 12:06:32,508 [INFO] [103700561] Baixado → bula_1774785992146.pdf
2026-03-29 12:06:32,527 [INFO] [95/10178] 155840145…
2026-03-29 12:06:34,167 [INFO] [155840145] Baixado → bula_1774785994056.pdf
2026-03-29 12:06:34,194 [INFO] [96/10178] 154230214…
2026-03-29 12:06:35,822 [INFO] [154230214] Baixado → bula_1774785995211.pdf
2026-03-29 12:06:35,850 [INFO] [97/10178] 183260168…
2026-03-29 12:06:37,474 [INFO] [183260168] Baixado → bula_1774785997439.pdf
2026-03-29 12:06:37,503 [INFO] [98/10178] 100431150…
2026-03-29 12:06:39,133 [INFO] [100431150] Baixado → bula_1774785998496.pdf
2026-03-29 12:06:39,150 [INFO] [99/10178] 102351136…
2026-03-29 12:06:40,770 [INFO] [102351136] Baixado → bula_1774786000187.pdf
2026-03-29 12:06:40,789 [INFO] [100/10178] 123520242…
2026-03-29 12:06:42,406 [INFO] [123520242] Baixado → bula_1774786001819.pdf
2026-03-29 12:06:42,421 [INFO] [101/10178] 110390212…
2026-03-29 12:06:44,041 [INFO] [110390212] Baixado → bula_1774786003841.pdf
2026-03-29 12:06:44,060 [INFO] [102/10178] 125680261…
2026-03-29 12:06:45,688 [INFO] [125680261] Baixado → bula_1774786005188.pdf
2026-03-29 12:06:45,706 [INFO] [103/10178] 105730689…
2026-03-29 12:06:54,379 [INFO] [105730689] Sem bula do paciente.
2026-03-29 12:06:54,379 [INFO] [105730689] Sem bula — marcado no checkpoint.
2026-03-29 12:06:54,380 [INFO] [104/10178] 100470280…
2026-03-29 12:06:56,043 [INFO] [100470280] Baixado → bula_1774786015924.pdf
2026-03-29 12:06:56,061 [INFO] [105/10178] 102351241…
2026-03-29 12:06:57,682 [INFO] [102351241] Baixado → bula_1774786017232.pdf
2026-03-29 12:06:57,701 [INFO] [106/10178] 104810135…
2026-03-29 12:07:06,386 [INFO] [104810135] Sem bula do paciente.
2026-03-29 12:07:06,386 [INFO] [104810135] Sem bula — marcado no checkpoint.
2026-03-29 12:07:06,387 [INFO] [107/10178] 100431387…
2026-03-29 12:07:09,051 [INFO] [100431387] Baixado → bula_1774786028324.pdf
2026-03-29 12:07:09,079 [INFO] [108/10178] 154230258…
2026-03-29 12:07:10,695 [INFO] [154230258] Baixado → bula_1774786030263.pdf
2026-03-29 12:07:10,717 [INFO] Reinício preventivo após 80 downloads.
2026-03-29 12:07:10,718 [INFO] Reiniciando driver…
2026-03-29 12:07:17,109 [INFO] Driver initialised.
2026-03-29 12:07:17,109 [INFO] Driver reiniciado com sucesso.
2026-03-29 12:07:17,109 [INFO] [109/10178] 178170792…
2026-03-29 12:07:25,206 [INFO] [178170792] Baixado → bula_1774786044694.pdf
2026-03-29 12:07:25,225 [INFO] [110/10178] 102351315…
2026-03-29 12:07:26,863 [INFO] [102351315] Baixado → bula_1774786046697.pdf
2026-03-29 12:07:26,897 [INFO] [111/10178] 116370091…
2026-03-29 12:07:29,545 [INFO] [116370091] Baixado → bula_1774786049077.pdf
2026-03-29 12:07:29,576 [INFO] [112/10178] 155840212…
2026-03-29 12:07:31,203 [INFO] [155840212] Baixado → bula_1774786050743.pdf
2026-03-29 12:07:31,215 [INFO] [113/10178] 100681115…
2026-03-29 12:07:33,846 [INFO] [100681115] Baixado → bula_1774786053137.pdf
2026-03-29 12:07:33,866 [INFO] [114/10178] 120690036…
2026-03-29 12:07:42,541 [INFO] [120690036] Sem bula do paciente.
2026-03-29 12:07:42,541 [INFO] [120690036] Sem bula — marcado no checkpoint.
2026-03-29 12:07:42,541 [INFO] [115/10178] 170560110…
2026-03-29 12:08:06,026 [INFO] [170560110] Sem bula do paciente.
2026-03-29 12:08:06,026 [INFO] [170560110] Sem bula — marcado no checkpoint.
2026-03-29 12:08:06,027 [INFO] [116/10178] 170560111…
2026-03-29 12:08:14,736 [INFO] [170560111] Sem bula do paciente.
2026-03-29 12:08:14,736 [INFO] [170560111] Sem bula — marcado no checkpoint.
2026-03-29 12:08:14,737 [INFO] [117/10178] 102350482…
2026-03-29 12:08:16,370 [INFO] [102350482] Baixado → bula_1774786096168.pdf
2026-03-29 12:08:16,410 [INFO] [118/10178] 102350544…
2026-03-29 12:08:19,036 [INFO] [102350544] Baixado → bula_1774786098165.pdf
2026-03-29 12:08:19,086 [INFO] [119/10178] 183260025…
2026-03-29 12:08:20,709 [INFO] [183260025] Baixado → bula_1774786100576.pdf
2026-03-29 12:08:20,741 [INFO] [120/10178] 155900003…
2026-03-29 12:08:51,368 [WARNING] [155900003] PDF não apareceu no disco — possível erro de driver.
2026-03-29 12:08:51,369 [WARNING] [155900003] Erro de driver (1/3). NÃO marcado no checkpoint.
2026-03-29 12:08:51,369 [INFO] Reiniciando driver…
2026-03-29 12:08:57,717 [INFO] Driver initialised.
2026-03-29 12:08:57,717 [INFO] Driver reiniciado com sucesso.
2026-03-29 12:08:57,717 [INFO] [120/10178] 155900003…
2026-03-29 12:09:07,365 [INFO] [155900003] Baixado → bula_1774786146612.pdf
2026-03-29 12:09:07,414 [INFO] [121/10178] 100681090…
2026-03-29 12:09:10,062 [INFO] [100681090] Baixado → bula_1774786149253.pdf
2026-03-29 12:09:10,081 [INFO] [122/10178] 101070076…
2026-03-29 12:09:22,721 [INFO] [101070076] Baixado → bula_1774786162263.pdf
2026-03-29 12:09:23,020 [INFO] [123/10178] 100470452…
2026-03-29 12:09:24,677 [INFO] [100470452] Baixado → bula_1774786164202.pdf
2026-03-29 12:09:24,705 [INFO] [124/10178] 105830941…
2026-03-29 12:09:26,336 [INFO] [105830941] Baixado → bula_1774786166035.pdf
2026-03-29 12:09:26,377 [INFO] [125/10178] 167730561…
2026-03-29 12:09:28,009 [INFO] [167730561] Baixado → bula_1774786167680.pdf
2026-03-29 12:09:28,042 [INFO] [126/10178] 143810102…
2026-03-29 12:09:36,734 [INFO] [143810102] Sem bula do paciente.
2026-03-29 12:09:36,734 [INFO] [143810102] Sem bula — marcado no checkpoint.
2026-03-29 12:09:36,735 [INFO] [127/10178] 100580009…
2026-03-29 12:09:39,399 [INFO] [100580009] Baixado → bula_1774786178761.pdf
2026-03-29 12:09:39,439 [INFO] [128/10178] 100580077…
2026-03-29 12:09:41,064 [INFO] [100580077] Baixado → bula_1774786180670.pdf
2026-03-29 12:09:41,098 [INFO] [129/10178] 100580116…
2026-03-29 12:09:42,720 [INFO] [100580116] Baixado → bula_1774786182553.pdf
2026-03-29 12:09:42,751 [INFO] [130/10178] 100580111…
2026-03-29 12:09:44,368 [INFO] [100580111] Baixado → bula_1774786184335.pdf
2026-03-29 12:09:44,399 [INFO] [131/10178] 183260336…
2026-03-29 12:09:47,017 [INFO] [183260336] Baixado → bula_1774786186656.pdf
2026-03-29 12:09:47,116 [INFO] [132/10178] 158190021…
2026-03-29 12:09:48,735 [INFO] [158190021] Baixado → bula_1774786188422.pdf
2026-03-29 12:09:48,758 [INFO] [133/10178] 118600007…
2026-03-29 12:09:51,370 [INFO] [118600007] Baixado → bula_1774786190522.pdf
2026-03-29 12:09:51,403 [INFO] [134/10178] 105730524…
2026-03-29 12:09:54,016 [INFO] [105730524] Baixado → bula_1774786194006.pdf
2026-03-29 12:09:54,017 [ERROR] [105730524] Erro ao processar PDF: Cannot open empty file: filename='/home/yanetti/Desktop/extensao/server-medications/lembramed/api/src/anvisa_data/data/bula_1774786194006.pdf'.
2026-03-29 12:09:54,018 [INFO] [135/10178] 114620022…
2026-03-29 12:09:55,658 [INFO] [114620022] Baixado → bula_1774786195466.pdf
2026-03-29 12:09:55,673 [INFO] [136/10178] 170560059…
2026-03-29 12:10:04,355 [INFO] [170560059] Sem bula do paciente.
2026-03-29 12:10:04,355 [INFO] [170560059] Sem bula — marcado no checkpoint.
2026-03-29 12:10:04,356 [INFO] [137/10178] 188300025…
2026-03-29 12:10:13,023 [INFO] [188300025] Sem bula do paciente.
2026-03-29 12:10:13,024 [INFO] [188300025] Sem bula — marcado no checkpoint.
2026-03-29 12:10:13,024 [INFO] [138/10178] 100890212…
2026-03-29 12:10:21,741 [INFO] [100890212] Sem bula do paciente.
2026-03-29 12:10:21,741 [INFO] [100890212] Sem bula — marcado no checkpoint.
2026-03-29 12:10:21,742 [INFO] [139/10178] 116370103…
2026-03-29 12:10:23,405 [INFO] [116370103] Baixado → bula_1774786222936.pdf
2026-03-29 12:10:23,423 [INFO] [140/10178] 126750330…
2026-03-29 12:10:32,102 [INFO] [126750330] Sem bula do paciente.
2026-03-29 12:10:32,103 [INFO] [126750330] Sem bula — marcado no checkpoint.
2026-03-29 12:10:32,103 [INFO] [141/10178] 101070339…
2026-03-29 12:10:34,730 [INFO] [101070339] Baixado → bula_1774786234314.pdf
2026-03-29 12:10:34,767 [INFO] [142/10178] 100890254…
2026-03-29 12:10:37,382 [INFO] [100890254] Baixado → bula_1774786236948.pdf
2026-03-29 12:10:37,414 [INFO] [143/10178] 154230256…
2026-03-29 12:10:39,029 [INFO] [154230256] Baixado → bula_1774786238718.pdf
2026-03-29 12:10:39,045 [INFO] [144/10178] 154230257…
2026-03-29 12:10:40,661 [INFO] [154230257] Baixado → bula_1774786240340.pdf
2026-03-29 12:10:40,678 [INFO] [145/10178] 104910011…
2026-03-29 12:10:43,297 [INFO] [104910011] Baixado → bula_1774786242328.pdf
2026-03-29 12:10:43,314 [INFO] [146/10178] 110130032…
2026-03-29 12:10:51,972 [INFO] [110130032] Sem bula do paciente.
2026-03-29 12:10:51,972 [INFO] [110130032] Sem bula — marcado no checkpoint.
2026-03-29 12:10:51,973 [INFO] [147/10178] 103110174…
2026-03-29 12:10:53,593 [INFO] [103110174] Baixado → bula_1774786252970.pdf
2026-03-29 12:10:53,618 [INFO] [148/10178] 135690614…
2026-03-29 12:10:55,239 [INFO] [135690614] Baixado → bula_1774786255223.pdf
2026-03-29 12:10:55,293 [INFO] [149/10178] 129160066…
2026-03-29 12:11:25,910 [WARNING] [129160066] PDF não apareceu no disco — possível erro de driver.
2026-03-29 12:11:25,910 [WARNING] [129160066] Erro de driver (1/3). NÃO marcado no checkpoint.
2026-03-29 12:11:25,910 [INFO] Reiniciando driver…
2026-03-29 12:11:31,985 [INFO] Driver initialised.
2026-03-29 12:11:31,985 [INFO] Driver reiniciado com sucesso.
2026-03-29 12:11:31,985 [INFO] [149/10178] 129160066…
2026-03-29 12:11:41,627 [INFO] [129160066] Baixado → bula_1774786300736.pdf
2026-03-29 12:11:41,666 [INFO] [150/10178] 129160027…
2026-03-29 12:11:44,322 [INFO] [129160027] Baixado → bula_1774786303484.pdf
2026-03-29 12:11:44,391 [INFO] [151/10178] 103700291…
2026-03-29 12:11:46,029 [INFO] [103700291] Baixado → bula_1774786305584.pdf
2026-03-29 12:11:46,057 [INFO] [152/10178] 104810056…
2026-03-29 12:11:47,689 [INFO] [104810056] Baixado → bula_1774786307227.pdf
2026-03-29 12:11:47,717 [INFO] [153/10178] 104810044…
2026-03-29 12:11:56,401 [INFO] [104810044] Sem bula do paciente.
2026-03-29 12:11:56,401 [INFO] [104810044] Sem bula — marcado no checkpoint.
2026-03-29 12:11:56,402 [INFO] [154/10178] 115600038…
2026-03-29 12:11:58,066 [INFO] [115600038] Baixado → bula_1774786317610.pdf
2026-03-29 12:11:58,088 [INFO] [155/10178] 109740306…
2026-03-29 12:12:06,754 [INFO] [109740306] Sem bula do paciente.
2026-03-29 12:12:06,754 [INFO] [109740306] Sem bula — marcado no checkpoint.
2026-03-29 12:12:06,755 [INFO] [156/10178] 183260245…
2026-03-29 12:12:09,385 [INFO] [183260245] Baixado → bula_1774786328853.pdf
2026-03-29 12:12:09,416 [INFO] [157/10178] 123520193…
2026-03-29 12:12:11,045 [INFO] [123520193] Baixado → bula_1774786330672.pdf
2026-03-29 12:12:11,072 [INFO] [158/10178] 100430971…
2026-03-29 12:12:13,696 [INFO] [100430971] Baixado → bula_1774786332838.pdf
2026-03-29 12:12:13,726 [INFO] [159/10178] 126750173…
2026-03-29 12:12:22,402 [INFO] [126750173] Sem bula do paciente.
2026-03-29 12:12:22,403 [INFO] [126750173] Sem bula — marcado no checkpoint.
2026-03-29 12:12:22,403 [INFO] [160/10178] 183260220…
2026-03-29 12:12:25,031 [INFO] [183260220] Baixado → bula_1774786344430.pdf
2026-03-29 12:12:25,058 [INFO] Reinício preventivo após 120 downloads.
2026-03-29 12:12:25,058 [INFO] Reiniciando driver…
2026-03-29 12:12:31,409 [INFO] Driver initialised.
2026-03-29 12:12:31,409 [INFO] Driver reiniciado com sucesso.
2026-03-29 12:12:31,409 [INFO] [161/10178] 183260263…
2026-03-29 12:12:46,212 [INFO] [183260263] Sem bula do paciente.
2026-03-29 12:12:46,212 [INFO] [183260263] Sem bula — marcado no checkpoint.
2026-03-29 12:12:46,213 [INFO] Reinício preventivo após 120 downloads.
2026-03-29 12:12:46,213 [INFO] Reiniciando driver…
2026-03-29 12:12:52,785 [INFO] Driver initialised.
2026-03-29 12:12:52,785 [INFO] Driver reiniciado com sucesso.
2026-03-29 12:12:52,785 [INFO] [162/10178] 102351124…
2026-03-29 12:13:02,427 [INFO] [102351124] Baixado → bula_1774786382146.pdf
2026-03-29 12:13:02,460 [INFO] [163/10178] 141070121…
2026-03-29 12:13:04,140 [INFO] [141070121] Baixado → bula_1774786383981.pdf
2026-03-29 12:13:04,163 [INFO] [164/10178] 125680230…
2026-03-29 12:13:05,794 [INFO] [125680230] Baixado → bula_1774786385413.pdf
2026-03-29 12:13:05,814 [INFO] [165/10178] 125680300…
2026-03-29 12:13:14,527 [INFO] [125680300] Sem bula do paciente.
2026-03-29 12:13:14,527 [INFO] [125680300] Sem bula — marcado no checkpoint.
2026-03-29 12:13:14,528 [INFO] [166/10178] 125680307…
2026-03-29 12:13:23,239 [INFO] [125680307] Sem bula do paciente.
2026-03-29 12:13:23,239 [INFO] [125680307] Sem bula — marcado no checkpoint.
2026-03-29 12:13:23,240 [INFO] [167/10178] 102980193…
2026-03-29 12:13:26,858 [INFO] [102980193] Baixado → bula_1774786405920.pdf
2026-03-29 12:13:26,910 [INFO] [168/10178] 101180602…
2026-03-29 12:13:35,556 [INFO] [101180602] Sem bula do paciente.
2026-03-29 12:13:35,556 [INFO] [101180602] Sem bula — marcado no checkpoint.
2026-03-29 12:13:35,556 [INFO] [169/10178] 102351218…
2026-03-29 12:13:38,169 [INFO] [102351218] Baixado → bula_1774786417020.pdf
2026-03-29 12:13:38,185 [INFO] [170/10178] 102980189…
2026-03-29 12:13:40,800 [INFO] [102980189] Baixado → bula_1774786420636.pdf
2026-03-29 12:13:40,821 [INFO] [171/10178] 167730539…
2026-03-29 12:13:43,452 [INFO] [167730539] Baixado → bula_1774786422135.pdf
2026-03-29 12:13:43,484 [INFO] [172/10178] 109740328…
2026-03-29 12:13:52,151 [INFO] [109740328] Sem bula do paciente.
2026-03-29 12:13:52,151 [INFO] [109740328] Sem bula — marcado no checkpoint.
2026-03-29 12:13:52,151 [INFO] [173/10178] 105730401…
2026-03-29 12:13:54,774 [INFO] [105730401] Baixado → bula_1774786434306.pdf
2026-03-29 12:13:54,824 [INFO] [174/10178] 105730718…
2026-03-29 12:13:56,442 [INFO] [105730718] Baixado → bula_1774786436345.pdf
2026-03-29 12:13:56,488 [INFO] [175/10178] 105830718…
2026-03-29 12:13:58,103 [INFO] [105830718] Baixado → bula_1774786437618.pdf
2026-03-29 12:13:58,135 [INFO] [176/10178] 151430013…
2026-03-29 12:14:06,812 [INFO] [151430013] Sem bula do paciente.
2026-03-29 12:14:06,812 [INFO] [151430013] Sem bula — marcado no checkpoint.
2026-03-29 12:14:06,813 [INFO] [177/10178] 104750045…
2026-03-29 12:14:09,478 [INFO] [104750045] Baixado → bula_1774786449223.pdf
2026-03-29 12:14:09,546 [INFO] [178/10178] 183260436…
2026-03-29 12:14:12,172 [INFO] [183260436] Baixado → bula_1774786451335.pdf
2026-03-29 12:14:12,214 [INFO] [179/10178] 102350529…
2026-03-29 12:14:42,848 [WARNING] [102350529] PDF não apareceu no disco — possível erro de driver.
2026-03-29 12:14:42,848 [WARNING] [102350529] Erro de driver (1/3). NÃO marcado no checkpoint.
2026-03-29 12:14:42,848 [INFO] Reiniciando driver…
2026-03-29 12:14:49,209 [INFO] Driver initialised.
2026-03-29 12:14:49,209 [INFO] Driver reiniciado com sucesso.
2026-03-29 12:14:49,209 [INFO] [179/10178] 102350529…
2026-03-29 12:14:58,419 [INFO] [102350529] Baixado → bula_1774786497778.pdf
2026-03-29 12:14:58,462 [INFO] [180/10178] 102351328…
2026-03-29 12:15:00,122 [INFO] [102351328] Baixado → bula_1774786499508.pdf
2026-03-29 12:15:00,140 [INFO] [181/10178] 102351244…
2026-03-29 12:15:08,819 [INFO] [102351244] Sem bula do paciente.
2026-03-29 12:15:08,819 [INFO] [102351244] Sem bula — marcado no checkpoint.
2026-03-29 12:15:08,820 [INFO] [182/10178] 137640019…
2026-03-29 12:15:17,531 [INFO] [137640019] Sem bula do paciente.
2026-03-29 12:15:17,531 [INFO] [137640019] Sem bula — marcado no checkpoint.
2026-03-29 12:15:17,532 [INFO] [183/10178] 103920047…
2026-03-29 12:15:20,163 [INFO] [103920047] Baixado → bula_1774786519257.pdf
2026-03-29 12:15:20,197 [INFO] [184/10178] 103700108…
2026-03-29 12:15:21,815 [INFO] [103700108] Baixado → bula_1774786521193.pdf
2026-03-29 12:15:21,844 [INFO] [185/10178] 164000008…
2026-03-29 12:15:23,489 [INFO] [164000008] Baixado → bula_1774786523033.pdf
2026-03-29 12:15:23,505 [INFO] [186/10178] 155920001…
2026-03-29 12:15:32,167 [INFO] [155920001] Sem bula do paciente.
2026-03-29 12:15:32,167 [INFO] [155920001] Sem bula — marcado no checkpoint.
2026-03-29 12:15:32,168 [INFO] [187/10178] 116370090…
2026-03-29 12:15:40,825 [INFO] [116370090] Sem bula do paciente.
2026-03-29 12:15:40,825 [INFO] [116370090] Sem bula — marcado no checkpoint.
2026-03-29 12:15:40,826 [INFO] [188/10178] 164000010…
2026-03-29 12:15:49,494 [INFO] [164000010] Sem bula do paciente.
2026-03-29 12:15:49,494 [INFO] [164000010] Sem bula — marcado no checkpoint.
2026-03-29 12:15:49,495 [INFO] [189/10178] 116880036…
2026-03-29 12:16:20,145 [WARNING] [116880036] PDF não apareceu no disco — possível erro de driver.
2026-03-29 12:16:20,145 [WARNING] [116880036] Erro de driver (1/3). NÃO marcado no checkpoint.
2026-03-29 12:16:20,145 [INFO] Reiniciando driver…
2026-03-29 12:16:26,544 [INFO] Driver initialised.
2026-03-29 12:16:26,545 [INFO] Driver reiniciado com sucesso.
2026-03-29 12:16:26,545 [INFO] [189/10178] 116880036…
2026-03-29 12:16:34,942 [INFO] [116880036] Baixado → bula_1774786594665.pdf
2026-03-29 12:16:34,965 [INFO] [190/10178] 110850001…
2026-03-29 12:16:40,599 [INFO] [110850001] Baixado → bula_1774786599886.pdf
2026-03-29 12:16:40,644 [INFO] [191/10178] 103110011…
2026-03-29 12:16:42,295 [INFO] [103110011] Baixado → bula_1774786601682.pdf
2026-03-29 12:16:42,323 [INFO] [192/10178] 100410098…
2026-03-29 12:17:12,959 [WARNING] [100410098] PDF não apareceu no disco — possível erro de driver.
2026-03-29 12:17:12,960 [WARNING] [100410098] Erro de driver (1/3). NÃO marcado no checkpoint.
2026-03-29 12:17:12,960 [INFO] Reiniciando driver…
2026-03-29 12:17:19,350 [INFO] Driver initialised.
2026-03-29 12:17:19,350 [INFO] Driver reiniciado com sucesso.
2026-03-29 12:17:19,350 [INFO] [192/10178] 100410098…
2026-03-29 12:17:29,442 [INFO] [100410098] Baixado → bula_1774786648700.pdf
2026-03-29 12:17:29,460 [INFO] [193/10178] 155920004…
2026-03-29 12:17:38,164 [INFO] [155920004] Sem bula do paciente.
2026-03-29 12:17:38,164 [INFO] [155920004] Sem bula — marcado no checkpoint.
2026-03-29 12:17:38,165 [INFO] [194/10178] 164000012…
2026-03-29 12:17:46,874 [INFO] [164000012] Sem bula do paciente.
2026-03-29 12:17:46,874 [INFO] [164000012] Sem bula — marcado no checkpoint.
2026-03-29 12:17:46,875 [INFO] [195/10178] 110850007…
2026-03-29 12:17:55,549 [INFO] [110850007] Sem bula do paciente.
2026-03-29 12:17:55,549 [INFO] [110850007] Sem bula — marcado no checkpoint.
2026-03-29 12:17:55,550 [INFO] [196/10178] 106830069…
2026-03-29 12:17:58,184 [INFO] [106830069] Baixado → bula_1774786677198.pdf
2026-03-29 12:17:58,208 [INFO] [197/10178] 155620026…
2026-03-29 12:17:59,836 [INFO] [155620026] Baixado → bula_1774786679482.pdf
2026-03-29 12:17:59,854 [INFO] [198/10178] 100431047…
2026-03-29 12:18:02,472 [INFO] [100431047] Baixado → bula_1774786681993.pdf
2026-03-29 12:18:02,492 [INFO] [199/10178] 182650003…
2026-03-29 12:18:11,151 [INFO] [182650003] Sem bula do paciente.
2026-03-29 12:18:11,151 [INFO] [182650003] Sem bula — marcado no checkpoint.
2026-03-29 12:18:11,152 [INFO] [200/10178] 106830189…
2026-03-29 12:18:19,819 [INFO] [106830189] Sem bula do paciente.
2026-03-29 12:18:19,820 [INFO] [106830189] Sem bula — marcado no checkpoint.
2026-03-29 12:18:19,820 [INFO] [201/10178] 103700761…
2026-03-29 12:18:28,502 [INFO] [103700761] Sem bula do paciente.
2026-03-29 12:18:28,502 [INFO] [103700761] Sem bula — marcado no checkpoint.
2026-03-29 12:18:28,503 [INFO] [202/10178] 182650005…
2026-03-29 12:18:37,182 [INFO] [182650005] Sem bula do paciente.
2026-03-29 12:18:37,182 [INFO] [182650005] Sem bula — marcado no checkpoint.
2026-03-29 12:18:37,183 [INFO] [203/10178] 107250294…
2026-03-29 12:18:45,895 [INFO] [107250294] Sem bula do paciente.
2026-03-29 12:18:45,896 [INFO] [107250294] Sem bula — marcado no checkpoint.
2026-03-29 12:18:45,896 [INFO] [204/10178] 103460003…
2026-03-29 12:18:49,524 [INFO] [103460003] Baixado → bula_1774786728563.pdf
2026-03-29 12:18:49,545 [INFO] [205/10178] 104910070…
2026-03-29 12:18:58,163 [INFO] [104910070] Baixado → bula_1774786737665.pdf
2026-03-29 12:18:58,185 [INFO] [206/10178] 106830180…
2026-03-29 12:19:01,815 [INFO] [106830180] Baixado → bula_1774786741365.pdf
2026-03-29 12:19:01,835 [INFO] [207/10178] 100470325…
2026-03-29 12:19:04,452 [INFO] [100470325] Baixado → bula_1774786744243.pdf
2026-03-29 12:19:04,475 [INFO] [208/10178] 105530284…
2026-03-29 12:19:13,142 [INFO] [105530284] Sem bula do paciente.
2026-03-29 12:19:13,142 [INFO] [105530284] Sem bula — marcado no checkpoint.
2026-03-29 12:19:13,143 [INFO] [209/10178] 103700312…
2026-03-29 12:19:14,758 [INFO] [103700312] Baixado → bula_1774786754257.pdf
2026-03-29 12:19:14,774 [INFO] [210/10178] 102350481…
2026-03-29 12:19:16,385 [INFO] [102350481] Baixado → bula_1774786755946.pdf
2026-03-29 12:19:16,403 [INFO] [211/10178] 125680038…
2026-03-29 12:19:18,013 [INFO] [125680038] Baixado → bula_1774786757449.pdf
2026-03-29 12:19:18,028 [INFO] [212/10178] 102980306…
2026-03-29 12:19:19,641 [INFO] [102980306] Baixado → bula_1774786759220.pdf
2026-03-29 12:19:19,657 [INFO] [213/10178] 113430123…
2026-03-29 12:19:22,269 [INFO] [113430123] Baixado → bula_1774786761342.pdf
2026-03-29 12:19:22,287 [INFO] [214/10178] 162410002…
2026-03-29 12:19:30,941 [INFO] [162410002] Sem bula do paciente.
2026-03-29 12:19:30,942 [INFO] [162410002] Sem bula — marcado no checkpoint.
2026-03-29 12:19:30,943 [INFO] [215/10178] 110850039…
2026-03-29 12:19:33,559 [INFO] [110850039] Baixado → bula_1774786772639.pdf
2026-03-29 12:19:33,582 [INFO] [216/10178] 155840313…
2026-03-29 12:19:37,190 [INFO] [155840313] Baixado → bula_1774786777120.pdf
2026-03-29 12:19:37,214 [INFO] [217/10178] 183260177…
2026-03-29 12:19:45,918 [INFO] [183260177] Sem bula do paciente.
2026-03-29 12:19:45,918 [INFO] [183260177] Sem bula — marcado no checkpoint.
2026-03-29 12:19:45,919 [INFO] [218/10178] 109630064…
2026-03-29 12:19:54,632 [INFO] [109630064] Sem bula do paciente.
2026-03-29 12:19:54,633 [INFO] [109630064] Sem bula — marcado no checkpoint.
2026-03-29 12:19:54,634 [INFO] [219/10178] 105350202…
2026-03-29 12:19:58,258 [INFO] [105350202] Baixado → bula_1774786797426.pdf
2026-03-29 12:19:58,278 [INFO] [220/10178] 105730657…
2026-03-29 12:20:01,893 [INFO] [105730657] Baixado → bula_1774786801719.pdf
2026-03-29 12:20:01,916 [INFO] [221/10178] 102350675…
2026-03-29 12:20:04,531 [INFO] [102350675] Baixado → bula_1774786804488.pdf
2026-03-29 12:20:04,568 [INFO] [222/10178] 183260294…
2026-03-29 12:20:09,184 [INFO] [183260294] Baixado → bula_1774786809084.pdf
2026-03-29 12:20:09,231 [INFO] [223/10178] 105730580…
2026-03-29 12:20:17,892 [INFO] [105730580] Sem bula do paciente.
2026-03-29 12:20:17,892 [INFO] [105730580] Sem bula — marcado no checkpoint.
2026-03-29 12:20:17,893 [INFO] [224/10178] 102350885…
2026-03-29 12:20:19,512 [INFO] [102350885] Baixado → bula_1774786819454.pdf
2026-03-29 12:20:19,532 [INFO] Reinício preventivo após 160 downloads.
2026-03-29 12:20:19,533 [INFO] Reiniciando driver…
2026-03-29 12:20:25,682 [INFO] Driver initialised.
2026-03-29 12:20:25,682 [INFO] Driver reiniciado com sucesso.
2026-03-29 12:20:25,683 [INFO] [225/10178] 110390181…
2026-03-29 12:20:33,694 [INFO] [110390181] Baixado → bula_1774786833192.pdf
2026-03-29 12:20:33,723 [INFO] [226/10178] 183260133…
2026-03-29 12:20:36,369 [INFO] [183260133] Baixado → bula_1774786835433.pdf
2026-03-29 12:20:36,407 [INFO] [227/10178] 102350525…
2026-03-29 12:20:45,110 [INFO] [102350525] Sem bula do paciente.
2026-03-29 12:20:45,111 [INFO] [102350525] Sem bula — marcado no checkpoint.
2026-03-29 12:20:45,112 [INFO] [228/10178] 102980257…
2026-03-29 12:20:46,775 [INFO] [102980257] Baixado → bula_1774786846076.pdf
2026-03-29 12:20:46,850 [INFO] [229/10178] 125680099…
2026-03-29 12:20:48,475 [INFO] [125680099] Baixado → bula_1774786847912.pdf
2026-03-29 12:20:48,488 [INFO] [230/10178] 102350822…
2026-03-29 12:21:11,932 [INFO] [102350822] Sem bula do paciente.
2026-03-29 12:21:11,932 [INFO] [102350822] Sem bula — marcado no checkpoint.
2026-03-29 12:21:11,957 [INFO] [231/10178] 105830583…
2026-03-29 12:21:27,254 [INFO] [105830583] Sem bula do paciente.
2026-03-29 12:21:27,254 [INFO] [105830583] Sem bula — marcado no checkpoint.
2026-03-29 12:21:27,255 [INFO] [232/10178] 154230176…
2026-03-29 12:21:28,879 [INFO] [154230176] Baixado → bula_1774786888257.pdf
2026-03-29 12:21:28,897 [INFO] [233/10178] 183260044…
2026-03-29 12:21:37,568 [INFO] [183260044] Sem bula do paciente.
2026-03-29 12:21:37,568 [INFO] [183260044] Sem bula — marcado no checkpoint.
2026-03-29 12:21:37,569 [INFO] [234/10178] 141070133…
2026-03-29 12:22:08,244 [WARNING] [141070133] PDF não apareceu no disco — possível erro de driver.
2026-03-29 12:22:08,244 [WARNING] [141070133] Erro de driver (1/3). NÃO marcado no checkpoint.
2026-03-29 12:22:08,244 [INFO] Reiniciando driver…
2026-03-29 12:22:14,721 [INFO] Driver initialised.
2026-03-29 12:22:14,722 [INFO] Driver reiniciado com sucesso.
2026-03-29 12:22:14,722 [INFO] [234/10178] 141070133…
2026-03-29 12:22:21,886 [INFO] [141070133] Baixado → bula_1774786941549.pdf
2026-03-29 12:22:21,903 [INFO] [235/10178] 126750340…
2026-03-29 12:22:30,603 [INFO] [126750340] Sem bula do paciente.
2026-03-29 12:22:30,603 [INFO] [126750340] Sem bula — marcado no checkpoint.
2026-03-29 12:22:30,604 [INFO] [236/10178] 103870053…
2026-03-29 12:22:32,275 [INFO] [103870053] Baixado → bula_1774786951879.pdf
2026-03-29 12:22:32,291 [INFO] [237/10178] 113430168…
2026-03-29 12:22:33,920 [INFO] [113430168] Baixado → bula_1774786953286.pdf
2026-03-29 12:22:33,940 [INFO] [238/10178] 102351039…
2026-03-29 12:22:35,572 [INFO] [102351039] Baixado → bula_1774786955055.pdf
2026-03-29 12:22:35,600 [INFO] [239/10178] 100431192…
2026-03-29 12:22:37,223 [INFO] [100431192] Baixado → bula_1774786956540.pdf
2026-03-29 12:22:37,253 [INFO] [240/10178] 104971413…
2026-03-29 12:22:38,877 [INFO] [104971413] Baixado → bula_1774786958506.pdf
2026-03-29 12:22:38,908 [INFO] [241/10178] 126750319…
2026-03-29 12:22:47,565 [INFO] [126750319] Sem bula do paciente.
2026-03-29 12:22:47,566 [INFO] [126750319] Sem bula — marcado no checkpoint.
2026-03-29 12:22:47,566 [INFO] [242/10178] 105830938…
2026-03-29 12:23:11,004 [INFO] [105830938] Sem bula do paciente.
2026-03-29 12:23:11,004 [INFO] [105830938] Sem bula — marcado no checkpoint.
2026-03-29 12:23:11,005 [INFO] [243/10178] 100410193…
2026-03-29 12:23:12,629 [INFO] [100410193] Baixado → bula_1774786992062.pdf
2026-03-29 12:23:12,660 [INFO] [244/10178] 151670014…
2026-03-29 12:23:21,331 [INFO] [151670014] Sem bula do paciente.
2026-03-29 12:23:21,331 [INFO] [151670014] Sem bula — marcado no checkpoint.
2026-03-29 12:23:21,332 [INFO] [245/10178] 100430945…
2026-03-29 12:23:22,950 [INFO] [100430945] Baixado → bula_1774787002208.pdf
2026-03-29 12:23:22,971 [INFO] [246/10178] 155840043…
2026-03-29 12:23:24,592 [INFO] [155840043] Baixado → bula_1774787004453.pdf
2026-03-29 12:23:24,618 [INFO] [247/10178] 143810174…
2026-03-29 12:23:26,275 [INFO] [143810174] Baixado → bula_1774787005656.pdf
2026-03-29 12:23:26,297 [INFO] [248/10178] 104810108…
2026-03-29 12:23:27,921 [INFO] [104810108] Baixado → bula_1774787007410.pdf
2026-03-29 12:23:27,943 [INFO] [249/10178] 126750237…
2026-03-29 12:23:36,614 [INFO] [126750237] Sem bula do paciente.
2026-03-29 12:23:36,614 [INFO] [126750237] Sem bula — marcado no checkpoint.
2026-03-29 12:23:36,615 [INFO] [250/10178] 105730572…
2026-03-29 12:23:39,281 [INFO] [105730572] Baixado → bula_1774787018453.pdf
2026-03-29 12:23:39,313 [INFO] [251/10178] 151430026…
2026-03-29 12:23:47,980 [INFO] [151430026] Sem bula do paciente.
2026-03-29 12:23:47,980 [INFO] [151430026] Sem bula — marcado no checkpoint.
2026-03-29 12:23:47,981 [INFO] [252/10178] 100470351…
2026-03-29 12:23:49,601 [INFO] [100470351] Baixado → bula_1774787029250.pdf
2026-03-29 12:23:49,644 [INFO] [253/10178] 151670007…
2026-03-29 12:24:13,038 [INFO] [151670007] Sem bula do paciente.
2026-03-29 12:24:13,038 [INFO] [151670007] Sem bula — marcado no checkpoint.
2026-03-29 12:24:13,038 [INFO] [254/10178] 156510001…
2026-03-29 12:24:15,661 [INFO] [156510001] Baixado → bula_1774787054703.pdf
2026-03-29 12:24:15,702 [INFO] [255/10178] 125680150…
2026-03-29 12:24:18,317 [INFO] [125680150] Baixado → bula_1774787057716.pdf
2026-03-29 12:24:18,364 [INFO] [256/10178] 105350140…
2026-03-29 12:24:20,976 [INFO] [105350140] Baixado → bula_1774787060061.pdf
2026-03-29 12:24:21,037 [INFO] [257/10178] 154230145…
2026-03-29 12:24:23,650 [INFO] [154230145] Baixado → bula_1774787063041.pdf
2026-03-29 12:24:23,704 [INFO] [258/10178] 100380094…
2026-03-29 12:24:25,311 [INFO] [100380094] Baixado → bula_1774787064942.pdf
2026-03-29 12:24:25,355 [INFO] [259/10178] 183260012…
2026-03-29 12:24:27,968 [INFO] [183260012] Baixado → bula_1774787067031.pdf
2026-03-29 12:24:28,020 [INFO] [260/10178] 104810114…
2026-03-29 12:24:29,647 [INFO] [104810114] Baixado → bula_1774787069018.pdf
2026-03-29 12:24:29,691 [INFO] [261/10178] 100431185…
2026-03-29 12:24:31,348 [INFO] [100431185] Baixado → bula_1774787070781.pdf
2026-03-29 12:24:31,386 [INFO] [262/10178] 105730663…
2026-03-29 12:24:40,056 [INFO] [105730663] Sem bula do paciente.
2026-03-29 12:24:40,056 [INFO] [105730663] Sem bula — marcado no checkpoint.
2026-03-29 12:24:40,057 [INFO] [263/10178] 103700471…
2026-03-29 12:24:41,721 [INFO] [103700471] Baixado → bula_1774787081091.pdf
2026-03-29 12:24:41,751 [INFO] [264/10178] 104971332…
2026-03-29 12:24:43,374 [INFO] [104971332] Baixado → bula_1774787083008.pdf
2026-03-29 12:24:43,406 [INFO] [265/10178] 102350805…
2026-03-29 12:24:52,072 [INFO] [102350805] Sem bula do paciente.
2026-03-29 12:24:52,072 [INFO] [102350805] Sem bula — marcado no checkpoint.
2026-03-29 12:24:52,073 [INFO] [266/10178] 104971261…
2026-03-29 12:24:54,696 [INFO] [104971261] Baixado → bula_1774787094035.pdf
2026-03-29 12:24:54,719 [INFO] [267/10178] 125680098…
2026-03-29 12:25:03,387 [INFO] [125680098] Sem bula do paciente.
2026-03-29 12:25:03,387 [INFO] [125680098] Sem bula — marcado no checkpoint.
2026-03-29 12:25:03,388 [INFO] [268/10178] 105830354…
2026-03-29 12:25:05,012 [INFO] [105830354] Baixado → bula_1774787104392.pdf
2026-03-29 12:25:05,038 [INFO] [269/10178] 167730263…
2026-03-29 12:25:28,444 [INFO] [167730263] Sem bula do paciente.
2026-03-29 12:25:28,444 [INFO] [167730263] Sem bula — marcado no checkpoint.
2026-03-29 12:25:28,445 [INFO] [270/10178] 113430117…
2026-03-29 12:25:30,064 [INFO] [113430117] Baixado → bula_1774787129414.pdf
2026-03-29 12:25:30,085 [INFO] [271/10178] 103700582…
2026-03-29 12:25:31,699 [INFO] [103700582] Baixado → bula_1774787131035.pdf
2026-03-29 12:25:31,720 [INFO] [272/10178] 100410194…
2026-03-29 12:25:40,392 [INFO] [100410194] Sem bula do paciente.
2026-03-29 12:25:40,392 [INFO] [100410194] Sem bula — marcado no checkpoint.
2026-03-29 12:25:40,393 [INFO] [273/10178] 105250042…
2026-03-29 12:26:03,851 [INFO] [105250042] Sem bula do paciente.
2026-03-29 12:26:03,851 [INFO] [105250042] Sem bula — marcado no checkpoint.
2026-03-29 12:26:03,852 [INFO] [274/10178] 102980393…
2026-03-29 12:26:05,521 [INFO] [102980393] Baixado → bula_1774787165187.pdf
2026-03-29 12:26:05,549 [INFO] [275/10178] 110390161…
2026-03-29 12:26:14,220 [INFO] [110390161] Sem bula do paciente.
2026-03-29 12:26:14,220 [INFO] [110390161] Sem bula — marcado no checkpoint.
2026-03-29 12:26:14,221 [INFO] [276/10178] 112090138…
2026-03-29 12:26:15,844 [INFO] [112090138] Baixado → bula_1774787175336.pdf
2026-03-29 12:26:15,863 [INFO] [277/10178] 105730668…
2026-03-29 12:26:18,490 [INFO] [105730668] Baixado → bula_1774787178110.pdf
2026-03-29 12:26:18,518 [INFO] [278/10178] 143810241…
2026-03-29 12:26:27,181 [INFO] [143810241] Sem bula do paciente.
2026-03-29 12:26:27,181 [INFO] [143810241] Sem bula — marcado no checkpoint.
2026-03-29 12:26:27,182 [INFO] [279/10178] 104971198…
2026-03-29 12:26:57,803 [WARNING] [104971198] PDF não apareceu no disco — possível erro de driver.
2026-03-29 12:26:57,803 [WARNING] [104971198] Erro de driver (1/3). NÃO marcado no checkpoint.
2026-03-29 12:26:57,803 [INFO] Reiniciando driver…
2026-03-29 12:27:03,961 [INFO] Driver initialised.
2026-03-29 12:27:03,961 [INFO] Driver reiniciado com sucesso.
2026-03-29 12:27:03,961 [INFO] [279/10178] 104971198…
2026-03-29 12:27:37,856 [WARNING] [104971198] PDF não apareceu no disco — possível erro de driver.
2026-03-29 12:27:37,856 [WARNING] [104971198] Erro de driver (2/3). NÃO marcado no checkpoint.
2026-03-29 12:27:37,881 [INFO] Reiniciando driver…
2026-03-29 12:27:44,321 [INFO] Driver initialised.
2026-03-29 12:27:44,321 [INFO] Driver reiniciado com sucesso.
2026-03-29 12:27:44,322 [INFO] [279/10178] 104971198…
2026-03-29 12:27:48,213 [INFO] [104971198] Baixado → bula_1774787267998.pdf
2026-03-29 12:27:48,236 [INFO] [280/10178] 103700395…
2026-03-29 12:27:49,881 [INFO] [103700395] Baixado → bula_1774787269220.pdf
2026-03-29 12:27:49,901 [INFO] [281/10178] 103870079…
2026-03-29 12:27:51,527 [INFO] [103870079] Baixado → bula_1774787270911.pdf
2026-03-29 12:27:51,550 [INFO] [282/10178] 105730578…
2026-03-29 12:27:53,175 [INFO] [105730578] Baixado → bula_1774787272948.pdf
2026-03-29 12:27:53,197 [INFO] [283/10178] 103700529…
2026-03-29 12:27:54,852 [INFO] [103700529] Baixado → bula_1774787274151.pdf
2026-03-29 12:27:54,882 [INFO] Reinício preventivo após 200 downloads.
2026-03-29 12:27:54,882 [INFO] Reiniciando driver…
2026-03-29 12:28:01,246 [INFO] Driver initialised.
2026-03-29 12:28:01,246 [INFO] Driver reiniciado com sucesso.
2026-03-29 12:28:01,246 [INFO] [284/10178] 155840531…
2026-03-29 12:28:12,534 [INFO] [155840531] Sem bula do paciente.
2026-03-29 12:28:12,534 [INFO] [155840531] Sem bula — marcado no checkpoint.
2026-03-29 12:28:12,535 [INFO] Reinício preventivo após 200 downloads.
2026-03-29 12:28:12,535 [INFO] Reiniciando driver…
2026-03-29 12:28:19,032 [INFO] Driver initialised.
2026-03-29 12:28:19,032 [INFO] Driver reiniciado com sucesso.
2026-03-29 12:28:19,032 [INFO] [285/10178] 102350462…
2026-03-29 12:28:29,264 [INFO] [102350462] Sem bula do paciente.
2026-03-29 12:28:29,264 [INFO] [102350462] Sem bula — marcado no checkpoint.
2026-03-29 12:28:29,265 [INFO] Reinício preventivo após 200 downloads.
2026-03-29 12:28:29,265 [INFO] Reiniciando driver…
2026-03-29 12:28:35,778 [INFO] Driver initialised.
2026-03-29 12:28:35,779 [INFO] Driver reiniciado com sucesso.
2026-03-29 12:28:35,779 [INFO] [286/10178] 123520087…
2026-03-29 12:29:09,162 [WARNING] [123520087] PDF não apareceu no disco — possível erro de driver.
2026-03-29 12:29:09,162 [WARNING] [123520087] Erro de driver (1/3). NÃO marcado no checkpoint.
2026-03-29 12:29:09,187 [INFO] Reiniciando driver…
2026-03-29 12:29:15,555 [INFO] Driver initialised.
2026-03-29 12:29:15,555 [INFO] Driver reiniciado com sucesso.
2026-03-29 12:29:15,555 [INFO] Reinício preventivo após 200 downloads.
2026-03-29 12:29:15,555 [INFO] Reiniciando driver…
2026-03-29 12:29:22,092 [INFO] Driver initialised.
2026-03-29 12:29:22,092 [INFO] Driver reiniciado com sucesso.
2026-03-29 12:29:22,092 [INFO] [286/10178] 123520087…
2026-03-29 12:29:26,046 [INFO] [123520087] Baixado → bula_1774787365305.pdf
2026-03-29 12:29:26,074 [INFO] [287/10178] 167730334…
2026-03-29 12:29:34,752 [INFO] [167730334] Sem bula do paciente.
2026-03-29 12:29:34,752 [INFO] [167730334] Sem bula — marcado no checkpoint.
2026-03-29 12:29:34,753 [INFO] [288/10178] 103700729…
2026-03-29 12:29:36,415 [INFO] [103700729] Baixado → bula_1774787375666.pdf
2026-03-29 12:29:36,439 [INFO] [289/10178] 100430004…
2026-03-29 12:29:38,064 [INFO] [100430004] Baixado → bula_1774787377675.pdf
2026-03-29 12:29:38,093 [INFO] [290/10178] 110130232…
2026-03-29 12:29:46,763 [INFO] [110130232] Sem bula do paciente.
2026-03-29 12:29:46,763 [INFO] [110130232] Sem bula — marcado no checkpoint.
2026-03-29 12:29:46,764 [INFO] [291/10178] 105730603…
2026-03-29 12:29:48,386 [INFO] [105730603] Baixado → bula_1774787387746.pdf
2026-03-29 12:29:48,438 [INFO] [292/10178] 109740298…
2026-03-29 12:29:57,094 [INFO] [109740298] Sem bula do paciente.
2026-03-29 12:29:57,094 [INFO] [109740298] Sem bula — marcado no checkpoint.
2026-03-29 12:29:57,095 [INFO] [293/10178] 155370015…
2026-03-29 12:30:00,715 [INFO] [155370015] Baixado → bula_1774787400665.pdf
2026-03-29 12:30:00,757 [INFO] [294/10178] 123520142…
2026-03-29 12:30:02,373 [INFO] [123520142] Baixado → bula_1774787402199.pdf
2026-03-29 12:30:02,395 [INFO] [295/10178] 104810139…
2026-03-29 12:30:04,002 [INFO] [104810139] Baixado → bula_1774787403571.pdf
2026-03-29 12:30:04,019 [INFO] [296/10178] 102351172…
2026-03-29 12:30:05,634 [INFO] [102351172] Baixado → bula_1774787405368.pdf
2026-03-29 12:30:05,678 [INFO] [297/10178] 100470290…
2026-03-29 12:30:07,289 [INFO] [100470290] Baixado → bula_1774787407176.pdf
2026-03-29 12:30:07,335 [INFO] [298/10178] 105830380…
2026-03-29 12:30:08,950 [INFO] [105830380] Baixado → bula_1774787408796.pdf
2026-03-29 12:30:08,979 [INFO] [299/10178] 156510007…
2026-03-29 12:30:17,646 [INFO] [156510007] Sem bula do paciente.
2026-03-29 12:30:17,646 [INFO] [156510007] Sem bula — marcado no checkpoint.
2026-03-29 12:30:17,647 [INFO] [300/10178] 102350818…
2026-03-29 12:30:48,273 [WARNING] [102350818] PDF não apareceu no disco — possível erro de driver.
2026-03-29 12:30:48,273 [WARNING] [102350818] Erro de driver (1/3). NÃO marcado no checkpoint.
2026-03-29 12:30:48,273 [INFO] Reiniciando driver…
2026-03-29 12:30:54,681 [INFO] Driver initialised.
2026-03-29 12:30:54,682 [INFO] Driver reiniciado com sucesso.
2026-03-29 12:30:54,682 [INFO] [300/10178] 102350818…
2026-03-29 12:31:00,153 [INFO] [102350818] Baixado → bula_1774787459684.pdf
2026-03-29 12:31:00,181 [INFO] [301/10178] 105830518…
2026-03-29 12:31:30,819 [WARNING] [105830518] PDF não apareceu no disco — possível erro de driver.
2026-03-29 12:31:30,819 [WARNING] [105830518] Erro de driver (1/3). NÃO marcado no checkpoint.
2026-03-29 12:31:30,819 [INFO] Reiniciando driver…
2026-03-29 12:31:37,198 [INFO] Driver initialised.
2026-03-29 12:31:37,199 [INFO] Driver reiniciado com sucesso.
2026-03-29 12:31:37,199 [INFO] [301/10178] 105830518…
2026-03-29 12:31:41,254 [INFO] [105830518] Baixado → bula_1774787500788.pdf
2026-03-29 12:31:41,284 [INFO] [302/10178] 113430169…
2026-03-29 12:31:42,923 [INFO] [113430169] Baixado → bula_1774787502243.pdf
2026-03-29 12:31:42,948 [INFO] [303/10178] 167730280…
2026-03-29 12:31:44,583 [INFO] [167730280] Baixado → bula_1774787504200.pdf
2026-03-29 12:31:44,612 [INFO] [304/10178] 151670043…
2026-03-29 12:31:48,279 [INFO] [151670043] Baixado → bula_1774787507664.pdf
2026-03-29 12:31:48,305 [INFO] [305/10178] 105350180…
2026-03-29 12:31:49,951 [INFO] [105350180] Baixado → bula_1774787509582.pdf
2026-03-29 12:31:49,982 [INFO] [306/10178] 100431159…
2026-03-29 12:32:13,446 [INFO] [100431159] Sem bula do paciente.
2026-03-29 12:32:13,446 [INFO] [100431159] Sem bula — marcado no checkpoint.
2026-03-29 12:32:13,447 [INFO] [307/10178] 117170077…
2026-03-29 12:32:15,117 [INFO] [117170077] Baixado → bula_1774787534560.pdf
2026-03-29 12:32:15,147 [INFO] [308/10178] 110390211…
2026-03-29 12:32:16,776 [INFO] [110390211] Baixado → bula_1774787535997.pdf
2026-03-29 12:32:16,802 [INFO] [309/10178] 143810201…
2026-03-29 12:32:18,427 [INFO] [143810201] Baixado → bula_1774787537904.pdf
2026-03-29 12:32:18,462 [INFO] [310/10178] 105730600…
2026-03-29 12:32:20,094 [INFO] [105730600] Baixado → bula_1774787540007.pdf
2026-03-29 12:32:20,128 [INFO] [311/10178] 103700487…
2026-03-29 12:32:21,762 [INFO] [103700487] Baixado → bula_1774787540965.pdf
2026-03-29 12:32:21,793 [INFO] [312/10178] 183260206…
2026-03-29 12:32:24,408 [INFO] [183260206] Baixado → bula_1774787543455.pdf
2026-03-29 12:32:24,437 [INFO] [313/10178] 103700574…
2026-03-29 12:32:33,100 [INFO] [103700574] Sem bula do paciente.
2026-03-29 12:32:33,100 [INFO] [103700574] Sem bula — marcado no checkpoint.
2026-03-29 12:32:33,101 [INFO] [314/10178] 116370077…
2026-03-29 12:32:34,722 [INFO] [116370077] Baixado → bula_1774787554672.pdf
2026-03-29 12:32:34,746 [INFO] [315/10178] 156510061…
2026-03-29 12:32:36,353 [INFO] [156510061] Baixado → bula_1774787556054.pdf
2026-03-29 12:32:36,376 [INFO] [316/10178] 147610022…
2026-03-29 12:32:37,990 [INFO] [147610022] Baixado → bula_1774787557473.pdf
2026-03-29 12:32:38,019 [INFO] [317/10178] 109170089…
2026-03-29 12:32:39,638 [INFO] [109170089] Baixado → bula_1774787559048.pdf
2026-03-29 12:32:39,661 [INFO] [318/10178] 141070084…
2026-03-29 12:32:41,278 [INFO] [141070084] Baixado → bula_1774787561176.pdf
2026-03-29 12:32:41,302 [INFO] [319/10178] 126750178…
2026-03-29 12:32:49,971 [INFO] [126750178] Sem bula do paciente.
2026-03-29 12:32:49,971 [INFO] [126750178] Sem bula — marcado no checkpoint.
2026-03-29 12:32:49,972 [INFO] [320/10178] 105350170…
2026-03-29 12:32:51,646 [INFO] [105350170] Baixado → bula_1774787571035.pdf
2026-03-29 12:32:51,673 [INFO] [321/10178] 102351137…
2026-03-29 12:32:53,297 [INFO] [102351137] Baixado → bula_1774787572687.pdf
2026-03-29 12:32:53,325 [INFO] [322/10178] 100410219…
2026-03-29 12:33:01,999 [INFO] [100410219] Sem bula do paciente.
2026-03-29 12:33:01,999 [INFO] [100410219] Sem bula — marcado no checkpoint.
2026-03-29 12:33:02,000 [INFO] [323/10178] 113430102…
2026-03-29 12:33:04,667 [INFO] [113430102] Baixado → bula_1774787583733.pdf
2026-03-29 12:33:04,700 [INFO] [324/10178] 113430112…
2026-03-29 12:33:06,325 [INFO] [113430112] Baixado → bula_1774787585803.pdf
2026-03-29 12:33:06,349 [INFO] [325/10178] 155840288…
2026-03-29 12:33:29,762 [INFO] [155840288] Sem bula do paciente.
2026-03-29 12:33:29,762 [INFO] [155840288] Sem bula — marcado no checkpoint.
2026-03-29 12:33:29,763 [INFO] [326/10178] 103700130…
2026-03-29 12:33:38,430 [INFO] [103700130] Sem bula do paciente.
2026-03-29 12:33:38,430 [INFO] [103700130] Sem bula — marcado no checkpoint.
2026-03-29 12:33:38,431 [INFO] [327/10178] 112090095…
2026-03-29 12:33:47,101 [INFO] [112090095] Sem bula do paciente.
2026-03-29 12:33:47,101 [INFO] [112090095] Sem bula — marcado no checkpoint.
2026-03-29 12:33:47,102 [INFO] [328/10178] 103700595…
2026-03-29 12:33:48,724 [INFO] [103700595] Baixado → bula_1774787627984.pdf
2026-03-29 12:33:48,745 [INFO] [329/10178] 100431134…
2026-03-29 12:34:19,365 [WARNING] [100431134] PDF não apareceu no disco — possível erro de driver.
2026-03-29 12:34:19,365 [WARNING] [100431134] Erro de driver (1/3). NÃO marcado no checkpoint.
2026-03-29 12:34:19,365 [INFO] Reiniciando driver…
2026-03-29 12:34:25,434 [INFO] Driver initialised.
2026-03-29 12:34:25,434 [INFO] Driver reiniciado com sucesso.
2026-03-29 12:34:25,434 [INFO] [329/10178] 100431134…
2026-03-29 12:34:29,447 [INFO] [100431134] Baixado → bula_1774787668913.pdf
2026-03-29 12:34:29,465 [INFO] [330/10178] 100470579…
2026-03-29 12:34:31,101 [INFO] [100470579] Baixado → bula_1774787670426.pdf
2026-03-29 12:34:31,134 [INFO] [331/10178] 155840562…
2026-03-29 12:34:54,589 [INFO] [155840562] Sem bula do paciente.
2026-03-29 12:34:54,589 [INFO] [155840562] Sem bula — marcado no checkpoint.
2026-03-29 12:34:54,590 [INFO] [332/10178] 109740318…
2026-03-29 12:34:56,282 [INFO] [109740318] Baixado → bula_1774787695636.pdf
2026-03-29 12:34:56,302 [INFO] [333/10178] 102350659…
2026-03-29 12:34:57,934 [INFO] [102350659] Baixado → bula_1774787697194.pdf
2026-03-29 12:34:57,961 [INFO] [334/10178] 151670015…
2026-03-29 12:34:59,591 [INFO] [151670015] Baixado → bula_1774787699523.pdf
2026-03-29 12:34:59,618 [INFO] [335/10178] 143810140…
2026-03-29 12:35:01,247 [INFO] [143810140] Baixado → bula_1774787700624.pdf
2026-03-29 12:35:01,277 [INFO] [336/10178] 100890379…
2026-03-29 12:35:03,912 [INFO] [100890379] Baixado → bula_1774787703092.pdf
2026-03-29 12:35:03,945 [INFO] [337/10178] 110390193…
2026-03-29 12:35:05,560 [INFO] [110390193] Baixado → bula_1774787705148.pdf
2026-03-29 12:35:05,581 [INFO] Reinício preventivo após 240 downloads.
2026-03-29 12:35:05,582 [INFO] Reiniciando driver…
2026-03-29 12:35:11,943 [INFO] Driver initialised.
2026-03-29 12:35:11,943 [INFO] Driver reiniciado com sucesso.
2026-03-29 12:35:11,943 [INFO] [338/10178] 125680247…
2026-03-29 12:35:17,801 [INFO] [125680247] Baixado → bula_1774787717040.pdf
2026-03-29 12:35:17,825 [INFO] [339/10178] 183260137…
2026-03-29 12:35:26,516 [INFO] [183260137] Sem bula do paciente.
2026-03-29 12:35:26,516 [INFO] [183260137] Sem bula — marcado no checkpoint.
2026-03-29 12:35:26,517 [INFO] [340/10178] 104810093…
2026-03-29 12:35:35,224 [INFO] [104810093] Sem bula do paciente.
2026-03-29 12:35:35,224 [INFO] [104810093] Sem bula — marcado no checkpoint.
2026-03-29 12:35:35,225 [INFO] [341/10178] 102351135…
2026-03-29 12:35:43,894 [INFO] [102351135] Sem bula do paciente.
2026-03-29 12:35:43,895 [INFO] [102351135] Sem bula — marcado no checkpoint.
2026-03-29 12:35:43,895 [INFO] [342/10178] 167730409…
2026-03-29 12:35:52,581 [INFO] [167730409] Sem bula do paciente.
2026-03-29 12:35:52,581 [INFO] [167730409] Sem bula — marcado no checkpoint.
2026-03-29 12:35:52,582 [INFO] [343/10178] 126750190…
2026-03-29 12:36:16,023 [INFO] [126750190] Sem bula do paciente.
2026-03-29 12:36:16,023 [INFO] [126750190] Sem bula — marcado no checkpoint.
2026-03-29 12:36:16,024 [INFO] [344/10178] 105730617…
2026-03-29 12:36:24,704 [INFO] [105730617] Sem bula do paciente.
2026-03-29 12:36:24,704 [INFO] [105730617] Sem bula — marcado no checkpoint.
2026-03-29 12:36:24,705 [INFO] [345/10178] 103700281…
2026-03-29 12:36:26,332 [INFO] [103700281] Baixado → bula_1774787785599.pdf
2026-03-29 12:36:26,350 [INFO] [346/10178] 136700018…
2026-03-29 12:36:35,058 [INFO] [136700018] Sem bula do paciente.
2026-03-29 12:36:35,058 [INFO] [136700018] Sem bula — marcado no checkpoint.
2026-03-29 12:36:35,059 [INFO] [347/10178] 102680030…
2026-03-29 12:36:43,767 [INFO] [102680030] Sem bula do paciente.
2026-03-29 12:36:43,767 [INFO] [102680030] Sem bula — marcado no checkpoint.
2026-03-29 12:36:43,768 [INFO] [348/10178] 113430128…
2026-03-29 12:36:45,397 [INFO] [113430128] Baixado → bula_1774787804835.pdf
2026-03-29 12:36:45,423 [INFO] [349/10178] 102350826…
2026-03-29 12:36:54,092 [INFO] [102350826] Sem bula do paciente.
2026-03-29 12:36:54,092 [INFO] [102350826] Sem bula — marcado no checkpoint.
2026-03-29 12:36:54,092 [INFO] [350/10178] 135690414…
2026-03-29 12:37:02,755 [INFO] [135690414] Sem bula do paciente.
2026-03-29 12:37:02,755 [INFO] [135690414] Sem bula — marcado no checkpoint.
2026-03-29 12:37:02,756 [INFO] [351/10178] 143810162…
2026-03-29 12:37:04,377 [INFO] [143810162] Baixado → bula_1774787824306.pdf
2026-03-29 12:37:04,398 [INFO] [352/10178] 123520091…
2026-03-29 12:37:07,018 [INFO] [123520091] Baixado → bula_1774787826656.pdf
2026-03-29 12:37:07,044 [INFO] [353/10178] 102351054…
2026-03-29 12:37:08,664 [INFO] [102351054] Baixado → bula_1774787828414.pdf
2026-03-29 12:37:08,696 [INFO] [354/10178] 105830744…
2026-03-29 12:37:10,323 [INFO] [105830744] Baixado → bula_1774787829805.pdf
2026-03-29 12:37:10,355 [INFO] [355/10178] 126750147…
2026-03-29 12:37:19,014 [INFO] [126750147] Sem bula do paciente.
2026-03-29 12:37:19,014 [INFO] [126750147] Sem bula — marcado no checkpoint.
2026-03-29 12:37:19,015 [INFO] [356/10178] 100431183…
2026-03-29 12:37:20,631 [INFO] [100431183] Baixado → bula_1774787839967.pdf
2026-03-29 12:37:20,658 [INFO] [357/10178] 103700455…
2026-03-29 12:37:22,268 [INFO] [103700455] Baixado → bula_1774787841544.pdf
2026-03-29 12:37:22,284 [INFO] [358/10178] 162410016…
2026-03-29 12:37:30,943 [INFO] [162410016] Sem bula do paciente.
2026-03-29 12:37:30,943 [INFO] [162410016] Sem bula — marcado no checkpoint.
2026-03-29 12:37:30,968 [INFO] [359/10178] 183260215…
2026-03-29 12:37:39,683 [INFO] [183260215] Sem bula do paciente.
2026-03-29 12:37:39,683 [INFO] [183260215] Sem bula — marcado no checkpoint.
2026-03-29 12:37:39,684 [INFO] [360/10178] 109630065…
2026-03-29 12:37:48,391 [INFO] [109630065] Sem bula do paciente.
2026-03-29 12:37:48,391 [INFO] [109630065] Sem bula — marcado no checkpoint.
2026-03-29 12:37:48,392 [INFO] [361/10178] 154230193…
2026-03-29 12:37:50,014 [INFO] [154230193] Baixado → bula_1774787869631.pdf
2026-03-29 12:37:50,033 [INFO] [362/10178] 113430188…
2026-03-29 12:37:51,666 [INFO] [113430188] Baixado → bula_1774787871289.pdf
2026-03-29 12:37:51,696 [INFO] [363/10178] 113430177…
2026-03-29 12:37:55,312 [INFO] [113430177] Baixado → bula_1774787874428.pdf
2026-03-29 12:37:55,341 [INFO] [364/10178] 102351010…
2026-03-29 12:37:56,957 [INFO] [102351010] Baixado → bula_1774787876283.pdf
2026-03-29 12:37:56,983 [INFO] [365/10178] 105250054…
2026-03-29 12:37:58,595 [INFO] [105250054] Baixado → bula_1774787877954.pdf
2026-03-29 12:37:58,622 [INFO] [366/10178] 123520191…
2026-03-29 12:38:00,229 [INFO] [123520191] Baixado → bula_1774787880172.pdf
2026-03-29 12:38:00,266 [INFO] [367/10178] 100430904…
2026-03-29 12:38:05,398 [INFO] [100430904] Baixado → bula_1774787884484.pdf
2026-03-29 12:38:05,443 [INFO] [368/10178] 104971403…
2026-03-29 12:38:08,053 [INFO] [104971403] Baixado → bula_1774787887135.pdf
2026-03-29 12:38:08,072 [INFO] [369/10178] 103870058…
2026-03-29 12:38:09,689 [INFO] [103870058] Baixado → bula_1774787889457.pdf
2026-03-29 12:38:09,715 [INFO] [370/10178] 103700469…
2026-03-29 12:38:11,359 [INFO] [103700469] Baixado → bula_1774787891223.pdf
2026-03-29 12:38:11,379 [INFO] [371/10178] 102350782…
2026-03-29 12:38:12,992 [INFO] [102350782] Baixado → bula_1774787892672.pdf
2026-03-29 12:38:13,021 [INFO] [372/10178] 155370041…
2026-03-29 12:38:14,632 [INFO] [155370041] Baixado → bula_1774787894222.pdf
2026-03-29 12:38:14,655 [INFO] [373/10178] 123520102…
2026-03-29 12:38:16,268 [INFO] [123520102] Baixado → bula_1774787896253.pdf
2026-03-29 12:38:16,303 [INFO] [374/10178] 102350964…
2026-03-29 12:38:17,918 [INFO] [102350964] Baixado → bula_1774787897633.pdf
2026-03-29 12:38:17,952 [INFO] [375/10178] 105830660…
2026-03-29 12:38:20,571 [INFO] [105830660] Baixado → bula_1774787899666.pdf
2026-03-29 12:38:20,603 [INFO] [376/10178] 167730111…
2026-03-29 12:38:23,214 [INFO] [167730111] Baixado → bula_1774787902228.pdf
2026-03-29 12:38:23,247 [INFO] [377/10178] 183260024…
2026-03-29 12:38:26,855 [INFO] [183260024] Baixado → bula_1774787906404.pdf
2026-03-29 12:38:26,892 [INFO] [378/10178] 103700704…
2026-03-29 12:38:28,504 [INFO] [103700704] Baixado → bula_1774787908003.pdf
2026-03-29 12:38:28,534 [INFO] [379/10178] 125680266…
2026-03-29 12:38:30,158 [INFO] [125680266] Baixado → bula_1774787909474.pdf
2026-03-29 12:38:30,183 [INFO] [380/10178] 105730635…
2026-03-29 12:38:38,844 [INFO] [105730635] Sem bula do paciente.
2026-03-29 12:38:38,844 [INFO] [105730635] Sem bula — marcado no checkpoint.
2026-03-29 12:38:38,845 [INFO] [381/10178] 100430898…
2026-03-29 12:38:40,515 [INFO] [100430898] Baixado → bula_1774787920015.pdf
2026-03-29 12:38:40,544 [INFO] [382/10178] 104971339…
2026-03-29 12:39:03,965 [INFO] [104971339] Sem bula do paciente.
2026-03-29 12:39:03,965 [INFO] [104971339] Sem bula — marcado no checkpoint.
2026-03-29 12:39:03,966 [INFO] [383/10178] 102351019…
2026-03-29 12:39:05,641 [INFO] [102351019] Baixado → bula_1774787945180.pdf
2026-03-29 12:39:05,680 [INFO] [384/10178] 121420671…
2026-03-29 12:39:14,349 [INFO] [121420671] Sem bula do paciente.
2026-03-29 12:39:14,349 [INFO] [121420671] Sem bula — marcado no checkpoint.
2026-03-29 12:39:14,350 [INFO] [385/10178] 103700691…
2026-03-29 12:39:15,978 [INFO] [103700691] Baixado → bula_1774787955276.pdf
2026-03-29 12:39:16,024 [INFO] [386/10178] 135170016…
2026-03-29 12:39:17,650 [INFO] [135170016] Baixado → bula_1774787957613.pdf
2026-03-29 12:39:17,673 [INFO] [387/10178] 105530361…
2026-03-29 12:39:26,336 [INFO] [105530361] Sem bula do paciente.
2026-03-29 12:39:26,336 [INFO] [105530361] Sem bula — marcado no checkpoint.
2026-03-29 12:39:26,337 [INFO] [388/10178] 100431130…
2026-03-29 12:39:49,753 [INFO] [100431130] Sem bula do paciente.
2026-03-29 12:39:49,753 [INFO] [100431130] Sem bula — marcado no checkpoint.
2026-03-29 12:39:49,754 [INFO] [389/10178] 125680255…
2026-03-29 12:39:51,431 [INFO] [125680255] Baixado → bula_1774787991092.pdf
2026-03-29 12:39:51,455 [INFO] [390/10178] 103700379…
2026-03-29 12:39:53,084 [INFO] [103700379] Baixado → bula_1774787992392.pdf
2026-03-29 12:39:53,105 [INFO] [391/10178] 104971314…
2026-03-29 12:39:54,730 [INFO] [104971314] Baixado → bula_1774787994346.pdf
2026-03-29 12:39:54,748 [INFO] [392/10178] 102350644…
2026-03-29 12:39:57,368 [INFO] [102350644] Baixado → bula_1774787996631.pdf
2026-03-29 12:39:57,431 [INFO] [393/10178] 125680168…
2026-03-29 12:39:59,044 [INFO] [125680168] Baixado → bula_1774787998744.pdf
2026-03-29 12:39:59,063 [INFO] [394/10178] 141070065…
2026-03-29 12:40:01,690 [INFO] [141070065] Baixado → bula_1774788001028.pdf
2026-03-29 12:40:01,712 [INFO] [395/10178] 143810136…
2026-03-29 12:40:05,325 [INFO] [143810136] Baixado → bula_1774788004859.pdf
2026-03-29 12:40:05,353 [INFO] [396/10178] 155840208…
2026-03-29 12:40:06,964 [INFO] [155840208] Baixado → bula_1774788006317.pdf
2026-03-29 12:40:06,984 [INFO] Reinício preventivo após 280 downloads.
2026-03-29 12:40:06,984 [INFO] Reiniciando driver…
2026-03-29 12:40:13,071 [INFO] Driver initialised.
2026-03-29 12:40:13,071 [INFO] Driver reiniciado com sucesso.
2026-03-29 12:40:13,071 [INFO] [397/10178] 109170101…
2026-03-29 12:40:24,239 [INFO] [109170101] Sem bula do paciente.
2026-03-29 12:40:24,239 [INFO] [109170101] Sem bula — marcado no checkpoint.
2026-03-29 12:40:24,240 [INFO] Reinício preventivo após 280 downloads.
2026-03-29 12:40:24,240 [INFO] Reiniciando driver…
2026-03-29 12:40:30,666 [INFO] Driver initialised.
2026-03-29 12:40:30,666 [INFO] Driver reiniciado com sucesso.
2026-03-29 12:40:30,666 [INFO] [398/10178] 102350430…
2026-03-29 12:40:41,935 [INFO] [102350430] Sem bula do paciente.
2026-03-29 12:40:41,935 [INFO] [102350430] Sem bula — marcado no checkpoint.
2026-03-29 12:40:41,936 [INFO] Reinício preventivo após 280 downloads.
2026-03-29 12:40:41,936 [INFO] Reiniciando driver…
2026-03-29 12:40:48,296 [INFO] Driver initialised.
2026-03-29 12:40:48,297 [INFO] Driver reiniciado com sucesso.
2026-03-29 12:40:48,297 [INFO] [399/10178] 103870044…
2026-03-29 12:40:51,962 [INFO] [103870044] Baixado → bula_1774788051324.pdf
2026-03-29 12:40:51,984 [INFO] [400/10178] 104971204…
2026-03-29 12:41:00,671 [INFO] [104971204] Sem bula do paciente.
2026-03-29 12:41:00,671 [INFO] [104971204] Sem bula — marcado no checkpoint.
2026-03-29 12:41:00,672 [INFO] [401/10178] 103700385…
2026-03-29 12:41:02,331 [INFO] [103700385] Baixado → bula_1774788061555.pdf
2026-03-29 12:41:02,349 [INFO] [402/10178] 103700449…
2026-03-29 12:41:03,970 [INFO] [103700449] Baixado → bula_1774788063125.pdf
2026-03-29 12:41:03,988 [INFO] [403/10178] 113430140…
2026-03-29 12:41:12,664 [INFO] [113430140] Sem bula do paciente.
2026-03-29 12:41:12,664 [INFO] [113430140] Sem bula — marcado no checkpoint.
2026-03-29 12:41:12,665 [INFO] [404/10178] 102350815…
2026-03-29 12:41:21,356 [INFO] [102350815] Sem bula do paciente.
2026-03-29 12:41:21,356 [INFO] [102350815] Sem bula — marcado no checkpoint.
2026-03-29 12:41:21,357 [INFO] [405/10178] 147610025…
2026-03-29 12:41:22,985 [INFO] [147610025] Baixado → bula_1774788082977.pdf
2026-03-29 12:41:22,985 [ERROR] [147610025] Erro ao processar PDF: Cannot open empty file: filename='/home/yanetti/Desktop/extensao/server-medications/lembramed/api/src/anvisa_data/data/bula_1774788082977.pdf'.
2026-03-29 12:41:22,986 [INFO] [406/10178] 183260076…
2026-03-29 12:41:31,670 [INFO] [183260076] Sem bula do paciente.
2026-03-29 12:41:31,670 [INFO] [183260076] Sem bula — marcado no checkpoint.
2026-03-29 12:41:31,671 [INFO] [407/10178] 143810179…
2026-03-29 12:41:40,338 [INFO] [143810179] Sem bula do paciente.
2026-03-29 12:41:40,338 [INFO] [143810179] Sem bula — marcado no checkpoint.
2026-03-29 12:41:40,339 [INFO] [408/10178] 104810119…
2026-03-29 12:41:49,006 [INFO] [104810119] Sem bula do paciente.
2026-03-29 12:41:49,006 [INFO] [104810119] Sem bula — marcado no checkpoint.
2026-03-29 12:41:49,031 [INFO] [409/10178] 105730605…
2026-03-29 12:41:57,692 [INFO] [105730605] Sem bula do paciente.
2026-03-29 12:41:57,692 [INFO] [105730605] Sem bula — marcado no checkpoint.
2026-03-29 12:41:57,693 [INFO] [410/10178] 100410200…
2026-03-29 12:42:06,392 [INFO] [100410200] Sem bula do paciente.
2026-03-29 12:42:06,392 [INFO] [100410200] Sem bula — marcado no checkpoint.
2026-03-29 12:42:06,393 [INFO] [411/10178] 100430957…
2026-03-29 12:42:15,106 [INFO] [100430957] Sem bula do paciente.
2026-03-29 12:42:15,106 [INFO] [100430957] Sem bula — marcado no checkpoint.
2026-03-29 12:42:15,131 [INFO] [412/10178] 100430744…
2026-03-29 12:42:17,751 [INFO] [100430744] Baixado → bula_1774788137233.pdf
2026-03-29 12:42:17,802 [INFO] [413/10178] 102350700…
2026-03-29 12:42:20,424 [INFO] [102350700] Baixado → bula_1774788139977.pdf
2026-03-29 12:42:20,456 [INFO] [414/10178] 155840412…
2026-03-29 12:42:23,067 [INFO] [155840412] Baixado → bula_1774788142498.pdf
2026-03-29 12:42:23,090 [INFO] [415/10178] 154230225…
2026-03-29 12:42:26,702 [INFO] [154230225] Baixado → bula_1774788145845.pdf
2026-03-29 12:42:26,759 [INFO] [416/10178] 143810180…
2026-03-29 12:42:28,374 [INFO] [143810180] Baixado → bula_1774788147884.pdf
2026-03-29 12:42:28,401 [INFO] [417/10178] 105730596…
2026-03-29 12:42:37,059 [INFO] [105730596] Sem bula do paciente.
2026-03-29 12:42:37,059 [INFO] [105730596] Sem bula — marcado no checkpoint.
2026-03-29 12:42:37,060 [INFO] [418/10178] 100470444…
2026-03-29 12:42:45,719 [INFO] [100470444] Sem bula do paciente.
2026-03-29 12:42:45,719 [INFO] [100470444] Sem bula — marcado no checkpoint.
2026-03-29 12:42:45,720 [INFO] [419/10178] 102980411…
2026-03-29 12:42:47,335 [INFO] [102980411] Baixado → bula_1774788166639.pdf
2026-03-29 12:42:47,359 [INFO] [420/10178] 110630138…
2026-03-29 12:42:49,966 [INFO] [110630138] Baixado → bula_1774788169915.pdf
2026-03-29 12:42:50,009 [INFO] [421/10178] 102350884…
2026-03-29 12:43:20,630 [WARNING] [102350884] PDF não apareceu no disco — possível erro de driver.
2026-03-29 12:43:20,630 [WARNING] [102350884] Erro de driver (1/3). NÃO marcado no checkpoint.
2026-03-29 12:43:20,630 [INFO] Reiniciando driver…
2026-03-29 12:43:26,706 [INFO] Driver initialised.
2026-03-29 12:43:26,706 [INFO] Driver reiniciado com sucesso.
2026-03-29 12:43:26,706 [INFO] [421/10178] 102350884…
2026-03-29 12:43:30,966 [INFO] [102350884] Baixado → bula_1774788210714.pdf
2026-03-29 12:43:30,997 [INFO] [422/10178] 105730547…
2026-03-29 12:43:33,632 [INFO] [105730547] Baixado → bula_1774788212836.pdf
2026-03-29 12:43:33,663 [INFO] [423/10178] 100890281…
2026-03-29 12:43:36,293 [INFO] [100890281] Baixado → bula_1774788215523.pdf
2026-03-29 12:43:36,332 [INFO] [424/10178] 155840496…
2026-03-29 12:43:37,971 [INFO] [155840496] Baixado → bula_1774788217693.pdf
2026-03-29 12:43:37,997 [INFO] [425/10178] 105730601…
2026-03-29 12:44:08,623 [WARNING] [105730601] PDF não apareceu no disco — possível erro de driver.
2026-03-29 12:44:08,623 [WARNING] [105730601] Erro de driver (1/3). NÃO marcado no checkpoint.
2026-03-29 12:44:08,623 [INFO] Reiniciando driver…
2026-03-29 12:44:15,007 [INFO] Driver initialised.
2026-03-29 12:44:15,007 [INFO] Driver reiniciado com sucesso.
2026-03-29 12:44:15,007 [INFO] [425/10178] 105730601…
2026-03-29 12:44:20,641 [INFO] [105730601] Baixado → bula_1774788259710.pdf
2026-03-29 12:44:20,666 [INFO] [426/10178] 154230182…
2026-03-29 12:44:22,294 [INFO] [154230182] Baixado → bula_1774788262022.pdf
2026-03-29 12:44:22,316 [INFO] [427/10178] 167730575…
2026-03-29 12:44:23,953 [INFO] [167730575] Baixado → bula_1774788263118.pdf
2026-03-29 12:44:23,963 [INFO] [428/10178] 109740342…
2026-03-29 12:44:25,617 [INFO] [109740342] Baixado → bula_1774788264949.pdf
2026-03-29 12:44:25,629 [INFO] [429/10178] 102350480…
2026-03-29 12:44:27,259 [INFO] [102350480] Baixado → bula_1774788267227.pdf
2026-03-29 12:44:27,282 [INFO] [430/10178] 102350561…
2026-03-29 12:44:57,914 [WARNING] [102350561] PDF não apareceu no disco — possível erro de driver.
2026-03-29 12:44:57,914 [WARNING] [102350561] Erro de driver (1/3). NÃO marcado no checkpoint.
2026-03-29 12:44:57,914 [INFO] Reiniciando driver…
2026-03-29 12:45:04,314 [INFO] Driver initialised.
2026-03-29 12:45:04,315 [INFO] Driver reiniciado com sucesso.
2026-03-29 12:45:04,315 [INFO] [430/10178] 102350561…
2026-03-29 12:45:09,098 [INFO] [102350561] Baixado → bula_1774788308665.pdf
2026-03-29 12:45:09,132 [INFO] [431/10178] 125680065…
2026-03-29 12:45:10,768 [INFO] [125680065] Baixado → bula_1774788310071.pdf
2026-03-29 12:45:10,785 [INFO] [432/10178] 105830521…
2026-03-29 12:45:12,409 [INFO] [105830521] Baixado → bula_1774788312009.pdf
2026-03-29 12:45:12,435 [INFO] [433/10178] 103700557…
2026-03-29 12:45:15,086 [INFO] [103700557] Baixado → bula_1774788314603.pdf
2026-03-29 12:45:15,103 [INFO] [434/10178] 183260089…
2026-03-29 12:45:16,752 [INFO] [183260089] Baixado → bula_1774788316280.pdf
2026-03-29 12:45:16,780 [INFO] [435/10178] 183260262…
2026-03-29 12:45:25,455 [INFO] [183260262] Sem bula do paciente.
2026-03-29 12:45:25,455 [INFO] [183260262] Sem bula — marcado no checkpoint.
2026-03-29 12:45:25,456 [INFO] [436/10178] 105730619…
2026-03-29 12:45:56,121 [WARNING] [105730619] PDF não apareceu no disco — possível erro de driver.
2026-03-29 12:45:56,121 [WARNING] [105730619] Erro de driver (1/3). NÃO marcado no checkpoint.
2026-03-29 12:45:56,121 [INFO] Reiniciando driver…
2026-03-29 12:46:02,515 [INFO] Driver initialised.
2026-03-29 12:46:02,515 [INFO] Driver reiniciado com sucesso.
2026-03-29 12:46:02,515 [INFO] [436/10178] 105730619…
2026-03-29 12:46:06,815 [INFO] [105730619] Baixado → bula_1774788366418.pdf
2026-03-29 12:46:06,847 [INFO] [437/10178] 125680171…
2026-03-29 12:46:08,484 [INFO] [125680171] Baixado → bula_1774788368040.pdf
2026-03-29 12:46:08,499 [INFO] [438/10178] 109170071…
2026-03-29 12:46:10,135 [INFO] [109170071] Baixado → bula_1774788370054.pdf
2026-03-29 12:46:10,156 [INFO] [439/10178] 103700567…
2026-03-29 12:46:11,774 [INFO] [103700567] Baixado → bula_1774788371688.pdf
2026-03-29 12:46:11,787 [INFO] [440/10178] 102980277…
2026-03-29 12:46:20,457 [INFO] [102980277] Sem bula do paciente.
2026-03-29 12:46:20,457 [INFO] [102980277] Sem bula — marcado no checkpoint.
2026-03-29 12:46:20,458 [INFO] [441/10178] 113430170…
2026-03-29 12:46:22,119 [INFO] [113430170] Baixado → bula_1774788381740.pdf
2026-03-29 12:46:22,132 [INFO] [442/10178] 102350674…
2026-03-29 12:46:30,798 [INFO] [102350674] Sem bula do paciente.
2026-03-29 12:46:30,798 [INFO] [102350674] Sem bula — marcado no checkpoint.
2026-03-29 12:46:30,799 [INFO] [443/10178] 123520196…
2026-03-29 12:46:32,417 [INFO] [123520196] Baixado → bula_1774788391920.pdf
2026-03-29 12:46:32,437 [INFO] [444/10178] 156490008…
2026-03-29 12:47:03,092 [WARNING] [156490008] PDF não apareceu no disco — possível erro de driver.
2026-03-29 12:47:03,092 [WARNING] [156490008] Erro de driver (1/3). NÃO marcado no checkpoint.
2026-03-29 12:47:03,092 [INFO] Reiniciando driver…
2026-03-29 12:47:09,436 [INFO] Driver initialised.
2026-03-29 12:47:09,436 [INFO] Driver reiniciado com sucesso.
2026-03-29 12:47:09,436 [INFO] [444/10178] 156490008…
2026-03-29 12:47:14,884 [INFO] [156490008] Baixado → bula_1774788433882.pdf
2026-03-29 12:47:14,902 [INFO] [445/10178] 103700746…
2026-03-29 12:47:23,579 [INFO] [103700746] Sem bula do paciente.
2026-03-29 12:47:23,579 [INFO] [103700746] Sem bula — marcado no checkpoint.
2026-03-29 12:47:23,580 [INFO] [446/10178] 155370029…
2026-03-29 12:47:29,240 [INFO] [155370029] Baixado → bula_1774788448632.pdf
2026-03-29 12:47:29,268 [INFO] [447/10178] 100470328…
2026-03-29 12:47:37,935 [INFO] [100470328] Sem bula do paciente.
2026-03-29 12:47:37,936 [INFO] [100470328] Sem bula — marcado no checkpoint.
2026-03-29 12:47:37,937 [INFO] [448/10178] 105830279…
2026-03-29 12:47:40,564 [INFO] [105830279] Baixado → bula_1774788460001.pdf
2026-03-29 12:47:40,592 [INFO] [449/10178] 102350731…
2026-03-29 12:47:43,215 [INFO] [102350731] Baixado → bula_1774788462992.pdf
2026-03-29 12:47:43,244 [INFO] [450/10178] 103110141…
2026-03-29 12:47:45,870 [INFO] [103110141] Baixado → bula_1774788465792.pdf
2026-03-29 12:47:45,932 [INFO] [451/10178] 100410183…
2026-03-29 12:47:54,597 [INFO] [100410183] Sem bula do paciente.
2026-03-29 12:47:54,597 [INFO] [100410183] Sem bula — marcado no checkpoint.
2026-03-29 12:47:54,598 [INFO] [452/10178] 103700502…
2026-03-29 12:47:56,215 [INFO] [103700502] Baixado → bula_1774788475657.pdf
2026-03-29 12:47:56,255 [INFO] [453/10178] 105830388…
2026-03-29 12:47:57,868 [INFO] [105830388] Baixado → bula_1774788477598.pdf
2026-03-29 12:47:57,896 [INFO] [454/10178] 167730257…
2026-03-29 12:47:59,526 [INFO] [167730257] Baixado → bula_1774788479254.pdf
2026-03-29 12:47:59,559 [INFO] [455/10178] 103700503…
2026-03-29 12:48:01,188 [INFO] [103700503] Baixado → bula_1774788480868.pdf
2026-03-29 12:48:01,217 [INFO] Reinício preventivo após 320 downloads.
2026-03-29 12:48:01,218 [INFO] Reiniciando driver…
2026-03-29 12:48:07,606 [INFO] Driver initialised.
2026-03-29 12:48:07,606 [INFO] Driver reiniciado com sucesso.
2026-03-29 12:48:07,606 [INFO] [456/10178] 113430156…
2026-03-29 12:48:12,705 [INFO] [113430156] Baixado → bula_1774788491713.pdf
2026-03-29 12:48:12,733 [INFO] [457/10178] 105250059…
2026-03-29 12:48:14,370 [INFO] [105250059] Baixado → bula_1774788493814.pdf
2026-03-29 12:48:14,398 [INFO] [458/10178] 105830789…
2026-03-29 12:48:23,072 [INFO] [105830789] Sem bula do paciente.
2026-03-29 12:48:23,072 [INFO] [105830789] Sem bula — marcado no checkpoint.
2026-03-29 12:48:23,072 [INFO] [459/10178] 126750193…
2026-03-29 12:48:31,783 [INFO] [126750193] Sem bula do paciente.
2026-03-29 12:48:31,783 [INFO] [126750193] Sem bula — marcado no checkpoint.
2026-03-29 12:48:31,784 [INFO] [460/10178] 123520227…
2026-03-29 12:48:34,412 [INFO] [123520227] Baixado → bula_1774788514088.pdf
2026-03-29 12:48:34,437 [INFO] [461/10178] 103700461…
2026-03-29 12:48:36,063 [INFO] [103700461] Baixado → bula_1774788515465.pdf
2026-03-29 12:48:36,088 [INFO] [462/10178] 116370092…
2026-03-29 12:48:38,713 [INFO] [116370092] Baixado → bula_1774788518016.pdf
2026-03-29 12:48:38,736 [INFO] [463/10178] 103460017…
2026-03-29 12:48:47,397 [INFO] [103460017] Sem bula do paciente.
2026-03-29 12:48:47,397 [INFO] [103460017] Sem bula — marcado no checkpoint.
2026-03-29 12:48:47,398 [INFO] [464/10178] 102351173…
2026-03-29 12:48:49,014 [INFO] [102351173] Baixado → bula_1774788528465.pdf
2026-03-29 12:48:49,044 [INFO] [465/10178] 183260132…
2026-03-29 12:48:51,672 [INFO] [183260132] Baixado → bula_1774788530987.pdf
2026-03-29 12:48:51,710 [INFO] [466/10178] 100431147…
2026-03-29 12:48:53,319 [INFO] [100431147] Baixado → bula_1774788533085.pdf
2026-03-29 12:48:53,350 [INFO] [467/10178] 105730604…
2026-03-29 12:48:56,996 [INFO] [105730604] Baixado → bula_1774788536554.pdf
2026-03-29 12:48:57,037 [INFO] [468/10178] 103700373…
2026-03-29 12:48:58,646 [INFO] [103700373] Baixado → bula_1774788537815.pdf
2026-03-29 12:48:58,666 [INFO] [469/10178] 102350626…
2026-03-29 12:49:00,278 [INFO] [102350626] Baixado → bula_1774788540051.pdf
2026-03-29 12:49:00,300 [INFO] [470/10178] 105830343…
2026-03-29 12:49:01,931 [INFO] [105830343] Baixado → bula_1774788541315.pdf
2026-03-29 12:49:01,953 [INFO] [471/10178] 107140245…
2026-03-29 12:49:10,618 [INFO] [107140245] Sem bula do paciente.
2026-03-29 12:49:10,618 [INFO] [107140245] Sem bula — marcado no checkpoint.
2026-03-29 12:49:10,619 [INFO] [472/10178] 102351095…
2026-03-29 12:49:12,239 [INFO] [102351095] Baixado → bula_1774788551877.pdf
2026-03-29 12:49:12,279 [INFO] [473/10178] 110390171…
2026-03-29 12:49:35,693 [INFO] [110390171] Sem bula do paciente.
2026-03-29 12:49:35,693 [INFO] [110390171] Sem bula — marcado no checkpoint.
2026-03-29 12:49:35,694 [INFO] [474/10178] 126250099…
2026-03-29 12:49:37,362 [INFO] [126250099] Baixado → bula_1774788576777.pdf
2026-03-29 12:49:37,414 [INFO] [475/10178] 167730413…
2026-03-29 12:49:46,078 [INFO] [167730413] Sem bula do paciente.
2026-03-29 12:49:46,078 [INFO] [167730413] Sem bula — marcado no checkpoint.
2026-03-29 12:49:46,079 [INFO] [476/10178] 155370056…
2026-03-29 12:49:54,745 [INFO] [155370056] Sem bula do paciente.
2026-03-29 12:49:54,745 [INFO] [155370056] Sem bula — marcado no checkpoint.
2026-03-29 12:49:54,746 [INFO] [477/10178] 110630094…
2026-03-29 12:49:57,362 [INFO] [110630094] Baixado → bula_1774788596846.pdf
2026-03-29 12:49:57,398 [INFO] [478/10178] 104970155…
2026-03-29 12:50:00,013 [INFO] [104970155] Baixado → bula_1774788599731.pdf
2026-03-29 12:50:00,072 [INFO] [479/10178] 102350614…
2026-03-29 12:50:01,686 [INFO] [102350614] Baixado → bula_1774788601159.pdf
2026-03-29 12:50:01,713 [INFO] [480/10178] 103920191…
2026-03-29 12:50:03,327 [INFO] [103920191] Baixado → bula_1774788603148.pdf
2026-03-29 12:50:03,357 [INFO] [481/10178] 135690691…
2026-03-29 12:50:04,980 [INFO] [135690691] Baixado → bula_1774788604755.pdf
2026-03-29 12:50:05,006 [INFO] [482/10178] 103700249…
2026-03-29 12:50:06,619 [INFO] [103700249] Baixado → bula_1774788606064.pdf
2026-03-29 12:50:06,645 [INFO] [483/10178] 110130260…
2026-03-29 12:50:08,272 [INFO] [110130260] Baixado → bula_1774788608087.pdf
2026-03-29 12:50:08,293 [INFO] [484/10178] 126250031…
2026-03-29 12:50:16,948 [INFO] [126250031] Sem bula do paciente.
2026-03-29 12:50:16,948 [INFO] [126250031] Sem bula — marcado no checkpoint.
2026-03-29 12:50:16,949 [INFO] [485/10178] 102350440…
2026-03-29 12:50:40,353 [INFO] [102350440] Sem bula do paciente.
2026-03-29 12:50:40,353 [INFO] [102350440] Sem bula — marcado no checkpoint.
2026-03-29 12:50:40,354 [INFO] [486/10178] 127580059…
2026-03-29 12:50:49,059 [INFO] [127580059] Sem bula do paciente.
2026-03-29 12:50:49,059 [INFO] [127580059] Sem bula — marcado no checkpoint.
2026-03-29 12:50:49,060 [INFO] [487/10178] 103700457…
2026-03-29 12:50:50,689 [INFO] [103700457] Baixado → bula_1774788649894.pdf
2026-03-29 12:50:50,715 [INFO] [488/10178] 125680210…
2026-03-29 12:50:52,329 [INFO] [125680210] Baixado → bula_1774788652097.pdf
2026-03-29 12:50:52,345 [INFO] [489/10178] 103920171…
2026-03-29 12:50:53,970 [INFO] [103920171] Baixado → bula_1774788653541.pdf
2026-03-29 12:50:53,989 [INFO] [490/10178] 183260167…
2026-03-29 12:50:56,602 [INFO] [183260167] Baixado → bula_1774788656485.pdf
2026-03-29 12:50:56,659 [INFO] [491/10178] 183260172…
2026-03-29 12:50:59,280 [INFO] [183260172] Baixado → bula_1774788658721.pdf
2026-03-29 12:50:59,311 [INFO] [492/10178] 105350199…
2026-03-29 12:51:01,926 [INFO] [105350199] Baixado → bula_1774788661301.pdf
2026-03-29 12:51:01,949 [INFO] [493/10178] 125680096…
2026-03-29 12:51:03,574 [INFO] [125680096] Baixado → bula_1774788662828.pdf
2026-03-29 12:51:03,588 [INFO] [494/10178] 101830148…
2026-03-29 12:51:06,201 [INFO] [101830148] Baixado → bula_1774788665726.pdf
2026-03-29 12:51:06,285 [INFO] [495/10178] 102980378…
2026-03-29 12:51:08,911 [INFO] [102980378] Baixado → bula_1774788668270.pdf
2026-03-29 12:51:08,939 [INFO] [496/10178] 103700128…
2026-03-29 12:51:10,558 [INFO] [103700128] Baixado → bula_1774788670273.pdf
2026-03-29 12:51:10,580 [INFO] [497/10178] 149320019…
2026-03-29 12:51:19,234 [INFO] [149320019] Sem bula do paciente.
2026-03-29 12:51:19,234 [INFO] [149320019] Sem bula — marcado no checkpoint.
2026-03-29 12:51:19,235 [INFO] [498/10178] 167730613…
2026-03-29 12:51:20,855 [INFO] [167730613] Baixado → bula_1774788680842.pdf
2026-03-29 12:51:20,876 [INFO] [499/10178] 100680103…
2026-03-29 12:51:22,487 [INFO] [100680103] Baixado → bula_1774788681773.pdf
2026-03-29 12:51:22,517 [INFO] [500/10178] 115600070…
2026-03-29 12:51:24,124 [INFO] [115600070] Baixado → bula_1774788684027.pdf
2026-03-29 12:51:24,143 [INFO] [501/10178] 105530344…
2026-03-29 12:51:25,751 [INFO] [105530344] Baixado → bula_1774788685585.pdf
2026-03-29 12:51:25,775 [INFO] [502/10178] 118190109…
2026-03-29 12:51:27,388 [INFO] [118190109] Baixado → bula_1774788687173.pdf
2026-03-29 12:51:27,418 [INFO] [503/10178] 103720285…
2026-03-29 12:51:31,029 [INFO] [103720285] Baixado → bula_1774788690620.pdf
2026-03-29 12:51:31,063 [INFO] [504/10178] 103720284…
2026-03-29 12:51:35,718 [INFO] [103720284] Baixado → bula_1774788695156.pdf
2026-03-29 12:51:35,760 [INFO] [505/10178] 100680898…
2026-03-29 12:51:44,454 [INFO] [100680898] Sem bula do paciente.
2026-03-29 12:51:44,454 [INFO] [100680898] Sem bula — marcado no checkpoint.
2026-03-29 12:51:44,455 [INFO] [506/10178] 102980199…
2026-03-29 12:51:48,119 [INFO] [102980199] Baixado → bula_1774788707154.pdf
2026-03-29 12:51:48,209 [INFO] [507/10178] 154230202…
2026-03-29 12:51:49,827 [INFO] [154230202] Baixado → bula_1774788709575.pdf
2026-03-29 12:51:49,861 [INFO] Reinício preventivo após 360 downloads.
2026-03-29 12:51:49,861 [INFO] Reiniciando driver…
2026-03-29 12:51:55,944 [INFO] Driver initialised.
2026-03-29 12:51:55,944 [INFO] Driver reiniciado com sucesso.
2026-03-29 12:51:55,944 [INFO] [508/10178] 109740280…
2026-03-29 12:52:01,111 [INFO] [109740280] Baixado → bula_1774788720328.pdf
2026-03-29 12:52:01,135 [INFO] [509/10178] 100330181…
2026-03-29 12:52:02,759 [INFO] [100330181] Baixado → bula_1774788722648.pdf
2026-03-29 12:52:02,791 [INFO] [510/10178] 118600098…
2026-03-29 12:52:06,447 [INFO] [118600098] Baixado → bula_1774788726306.pdf
2026-03-29 12:52:06,497 [INFO] [511/10178] 102980499…
2026-03-29 12:52:10,162 [INFO] [102980499] Baixado → bula_1774788729310.pdf
2026-03-29 12:52:10,214 [INFO] [512/10178] 154230203…
2026-03-29 12:52:11,865 [INFO] [154230203] Baixado → bula_1774788731453.pdf
2026-03-29 12:52:11,890 [INFO] [513/10178] 120190075…
2026-03-29 12:52:42,577 [WARNING] [120190075] PDF não apareceu no disco — possível erro de driver.
2026-03-29 12:52:42,578 [WARNING] [120190075] Erro de driver (1/3). NÃO marcado no checkpoint.
2026-03-29 12:52:42,578 [INFO] Reiniciando driver…
2026-03-29 12:52:49,070 [INFO] Driver initialised.
2026-03-29 12:52:49,070 [INFO] Driver reiniciado com sucesso.
2026-03-29 12:52:49,070 [INFO] [513/10178] 120190075…
2026-03-29 12:52:56,504 [INFO] [120190075] Baixado → bula_1774788775887.pdf
2026-03-29 12:52:56,524 [INFO] [514/10178] 101180109…
2026-03-29 12:52:59,157 [INFO] [101180109] Baixado → bula_1774788778933.pdf
2026-03-29 12:52:59,183 [INFO] [515/10178] 101180595…
2026-03-29 12:53:00,814 [INFO] [101180595] Baixado → bula_1774788780538.pdf
2026-03-29 12:53:00,842 [INFO] [516/10178] 178170882…
2026-03-29 12:53:02,476 [INFO] [178170882] Baixado → bula_1774788782113.pdf
2026-03-29 12:53:02,495 [INFO] [517/10178] 102351225…
2026-03-29 12:53:04,119 [INFO] [102351225] Baixado → bula_1774788783507.pdf
2026-03-29 12:53:04,133 [INFO] [518/10178] 120190029…
2026-03-29 12:53:05,752 [INFO] [120190029] Baixado → bula_1774788785016.pdf
2026-03-29 12:53:05,768 [INFO] [519/10178] 127480023…
2026-03-29 12:53:08,420 [INFO] [127480023] Baixado → bula_1774788787480.pdf
2026-03-29 12:53:08,458 [INFO] [520/10178] 188300061…
2026-03-29 12:53:11,080 [INFO] [188300061] Baixado → bula_1774788790532.pdf
2026-03-29 12:53:11,119 [INFO] [521/10178] 188300071…
2026-03-29 12:53:19,796 [INFO] [188300071] Sem bula do paciente.
2026-03-29 12:53:19,796 [INFO] [188300071] Sem bula — marcado no checkpoint.
2026-03-29 12:53:19,797 [INFO] [522/10178] 164250001…
2026-03-29 12:53:28,529 [INFO] [164250001] Sem bula do paciente.
2026-03-29 12:53:28,529 [INFO] [164250001] Sem bula — marcado no checkpoint.
2026-03-29 12:53:28,530 [INFO] [523/10178] 105710019…
2026-03-29 12:53:32,154 [INFO] [105710019] Baixado → bula_1774788811608.pdf
2026-03-29 12:53:32,198 [INFO] [524/10178] 103700007…
2026-03-29 12:53:33,829 [INFO] [103700007] Baixado → bula_1774788813384.pdf
2026-03-29 12:53:33,860 [INFO] [525/10178] 158190017…
2026-03-29 12:53:35,479 [INFO] [158190017] Baixado → bula_1774788814922.pdf
2026-03-29 12:53:35,498 [INFO] [526/10178] 103900059…
2026-03-29 12:53:38,113 [INFO] [103900059] Baixado → bula_1774788817694.pdf
2026-03-29 12:53:38,132 [INFO] [527/10178] 105730008…
2026-03-29 12:53:40,746 [INFO] [105730008] Baixado → bula_1774788820111.pdf
2026-03-29 12:53:40,767 [INFO] [528/10178] 174650007…
2026-03-29 12:53:49,431 [INFO] [174650007] Sem bula do paciente.
2026-03-29 12:53:49,432 [INFO] [174650007] Sem bula — marcado no checkpoint.
2026-03-29 12:53:49,457 [INFO] [529/10178] 183260378…
2026-03-29 12:53:58,123 [INFO] [183260378] Sem bula do paciente.
2026-03-29 12:53:58,123 [INFO] [183260378] Sem bula — marcado no checkpoint.
2026-03-29 12:53:58,124 [INFO] [530/10178] 183260384…
2026-03-29 12:54:06,787 [INFO] [183260384] Sem bula do paciente.
2026-03-29 12:54:06,787 [INFO] [183260384] Sem bula — marcado no checkpoint.
2026-03-29 12:54:06,812 [INFO] [531/10178] 114620007…
2026-03-29 12:54:08,430 [INFO] [114620007] Baixado → bula_1774788847779.pdf
2026-03-29 12:54:08,452 [INFO] [532/10178] 143810148…
2026-03-29 12:54:10,072 [INFO] [143810148] Baixado → bula_1774788849598.pdf
2026-03-29 12:54:10,089 [INFO] [533/10178] 102660165…
2026-03-29 12:54:18,803 [INFO] [102660165] Sem bula do paciente.
2026-03-29 12:54:18,803 [INFO] [102660165] Sem bula — marcado no checkpoint.
2026-03-29 12:54:18,829 [INFO] [534/10178] 102660047…
2026-03-29 12:54:27,550 [INFO] [102660047] Sem bula do paciente.
2026-03-29 12:54:27,550 [INFO] [102660047] Sem bula — marcado no checkpoint.
2026-03-29 12:54:27,551 [INFO] [535/10178] 154230179…
2026-03-29 12:54:29,175 [INFO] [154230179] Baixado → bula_1774788868964.pdf
2026-03-29 12:54:29,194 [INFO] [536/10178] 167730272…
2026-03-29 12:54:52,607 [INFO] [167730272] Sem bula do paciente.
2026-03-29 12:54:52,607 [INFO] [167730272] Sem bula — marcado no checkpoint.
2026-03-29 12:54:52,608 [INFO] [537/10178] 183260307…
2026-03-29 12:55:01,269 [INFO] [183260307] Sem bula do paciente.
2026-03-29 12:55:01,269 [INFO] [183260307] Sem bula — marcado no checkpoint.
2026-03-29 12:55:01,270 [INFO] [538/10178] 155840377…
2026-03-29 12:55:03,891 [INFO] [155840377] Baixado → bula_1774788903598.pdf
2026-03-29 12:55:03,911 [INFO] [539/10178] 103700113…
2026-03-29 12:55:05,524 [INFO] [103700113] Baixado → bula_1774788904989.pdf
2026-03-29 12:55:05,536 [INFO] [540/10178] 101470188…
2026-03-29 12:55:07,149 [INFO] [101470188] Baixado → bula_1774788906990.pdf
2026-03-29 12:55:07,169 [INFO] [541/10178] 105730373…
2026-03-29 12:55:15,840 [INFO] [105730373] Sem bula do paciente.
2026-03-29 12:55:15,840 [INFO] [105730373] Sem bula — marcado no checkpoint.
2026-03-29 12:55:15,841 [INFO] [542/10178] 105730367…
2026-03-29 12:55:19,504 [INFO] [105730367] Baixado → bula_1774788918520.pdf
2026-03-29 12:55:19,534 [INFO] [543/10178] 101070287…
2026-03-29 12:55:31,191 [INFO] [101070287] Baixado → bula_1774788930853.pdf
2026-03-29 12:55:31,503 [INFO] [544/10178] 121100481…
2026-03-29 12:55:36,163 [INFO] [121100481] Baixado → bula_1774788935824.pdf
2026-03-29 12:55:36,205 [INFO] [545/10178] 102980008…
2026-03-29 12:55:39,849 [INFO] [102980008] Baixado → bula_1774788939793.pdf
2026-03-29 12:55:39,914 [INFO] [546/10178] 138410051…
2026-03-29 12:55:41,560 [INFO] [138410051] Baixado → bula_1774788941439.pdf
2026-03-29 12:55:41,580 [INFO] [547/10178] 102351340…
2026-03-29 12:55:43,212 [INFO] [102351340] Baixado → bula_1774788943143.pdf
2026-03-29 12:55:43,231 [INFO] [548/10178] 102350242…
2026-03-29 12:55:45,896 [INFO] [102350242] Baixado → bula_1774788944892.pdf
2026-03-29 12:55:45,918 [INFO] [549/10178] 102351341…
2026-03-29 12:55:47,539 [INFO] [102351341] Baixado → bula_1774788947419.pdf
2026-03-29 12:55:47,561 [INFO] [550/10178] 109170072…
2026-03-29 12:55:56,214 [INFO] [109170072] Sem bula do paciente.
2026-03-29 12:55:56,214 [INFO] [109170072] Sem bula — marcado no checkpoint.
2026-03-29 12:55:56,215 [INFO] [551/10178] 102660172…
2026-03-29 12:56:04,920 [INFO] [102660172] Sem bula do paciente.
2026-03-29 12:56:04,920 [INFO] [102660172] Sem bula — marcado no checkpoint.
2026-03-29 12:56:04,921 [INFO] [552/10178] 102660007…
2026-03-29 12:56:13,622 [INFO] [102660007] Sem bula do paciente.
2026-03-29 12:56:13,622 [INFO] [102660007] Sem bula — marcado no checkpoint.
2026-03-29 12:56:13,623 [INFO] [553/10178] 102660032…
2026-03-29 12:56:22,326 [INFO] [102660032] Sem bula do paciente.
2026-03-29 12:56:22,326 [INFO] [102660032] Sem bula — marcado no checkpoint.
2026-03-29 12:56:22,327 [INFO] [554/10178] 102660066…
2026-03-29 12:56:31,037 [INFO] [102660066] Sem bula do paciente.
2026-03-29 12:56:31,037 [INFO] [102660066] Sem bula — marcado no checkpoint.
2026-03-29 12:56:31,038 [INFO] [555/10178] 102660063…
2026-03-29 12:56:39,741 [INFO] [102660063] Sem bula do paciente.
2026-03-29 12:56:39,741 [INFO] [102660063] Sem bula — marcado no checkpoint.
2026-03-29 12:56:39,742 [INFO] [556/10178] 102660008…
2026-03-29 12:56:48,411 [INFO] [102660008] Sem bula do paciente.
2026-03-29 12:56:48,411 [INFO] [102660008] Sem bula — marcado no checkpoint.
2026-03-29 12:56:48,412 [INFO] [557/10178] 102660085…
2026-03-29 12:56:57,073 [INFO] [102660085] Sem bula do paciente.
2026-03-29 12:56:57,073 [INFO] [102660085] Sem bula — marcado no checkpoint.
2026-03-29 12:56:57,074 [INFO] [558/10178] 102660135…
2026-03-29 12:57:05,733 [INFO] [102660135] Sem bula do paciente.
2026-03-29 12:57:05,733 [INFO] [102660135] Sem bula — marcado no checkpoint.
2026-03-29 12:57:05,734 [INFO] [559/10178] 102660076…
2026-03-29 12:57:14,394 [INFO] [102660076] Sem bula do paciente.
2026-03-29 12:57:14,394 [INFO] [102660076] Sem bula — marcado no checkpoint.
2026-03-29 12:57:14,395 [INFO] [560/10178] 102660065…
2026-03-29 12:57:23,053 [INFO] [102660065] Sem bula do paciente.
2026-03-29 12:57:23,053 [INFO] [102660065] Sem bula — marcado no checkpoint.
2026-03-29 12:57:23,054 [INFO] [561/10178] 102660038…
2026-03-29 12:57:31,768 [INFO] [102660038] Sem bula do paciente.
2026-03-29 12:57:31,768 [INFO] [102660038] Sem bula — marcado no checkpoint.
2026-03-29 12:57:31,769 [INFO] [562/10178] 102660079…
2026-03-29 12:57:40,479 [INFO] [102660079] Sem bula do paciente.
2026-03-29 12:57:40,479 [INFO] [102660079] Sem bula — marcado no checkpoint.
2026-03-29 12:57:40,480 [INFO] [563/10178] 102660160…
2026-03-29 12:57:49,142 [INFO] [102660160] Sem bula do paciente.
2026-03-29 12:57:49,142 [INFO] [102660160] Sem bula — marcado no checkpoint.
2026-03-29 12:57:49,143 [INFO] [564/10178] 102660035…
2026-03-29 12:57:57,805 [INFO] [102660035] Sem bula do paciente.
2026-03-29 12:57:57,805 [INFO] [102660035] Sem bula — marcado no checkpoint.
2026-03-29 12:57:57,806 [INFO] [565/10178] 102660031…
2026-03-29 12:58:06,475 [INFO] [102660031] Sem bula do paciente.
2026-03-29 12:58:06,475 [INFO] [102660031] Sem bula — marcado no checkpoint.
2026-03-29 12:58:06,476 [INFO] [566/10178] 102660153…
2026-03-29 12:58:15,141 [INFO] [102660153] Sem bula do paciente.
2026-03-29 12:58:15,141 [INFO] [102660153] Sem bula — marcado no checkpoint.
2026-03-29 12:58:15,142 [INFO] [567/10178] 102660069…
2026-03-29 12:58:38,552 [INFO] [102660069] Sem bula do paciente.
2026-03-29 12:58:38,552 [INFO] [102660069] Sem bula — marcado no checkpoint.
2026-03-29 12:58:38,553 [INFO] [568/10178] 102660148…
2026-03-29 12:58:47,271 [INFO] [102660148] Sem bula do paciente.
2026-03-29 12:58:47,271 [INFO] [102660148] Sem bula — marcado no checkpoint.
2026-03-29 12:58:47,272 [INFO] [569/10178] 102660064…
2026-03-29 12:58:55,938 [INFO] [102660064] Sem bula do paciente.
2026-03-29 12:58:55,938 [INFO] [102660064] Sem bula — marcado no checkpoint.
2026-03-29 12:58:55,939 [INFO] [570/10178] 102660081…
2026-03-29 12:59:04,614 [INFO] [102660081] Sem bula do paciente.
2026-03-29 12:59:04,614 [INFO] [102660081] Sem bula — marcado no checkpoint.
2026-03-29 12:59:04,615 [INFO] [571/10178] 102660080…
2026-03-29 12:59:13,286 [INFO] [102660080] Sem bula do paciente.
2026-03-29 12:59:13,287 [INFO] [102660080] Sem bula — marcado no checkpoint.
2026-03-29 12:59:13,287 [INFO] [572/10178] 102660128…
2026-03-29 12:59:21,950 [INFO] [102660128] Sem bula do paciente.
2026-03-29 12:59:21,950 [INFO] [102660128] Sem bula — marcado no checkpoint.
2026-03-29 12:59:21,951 [INFO] [573/10178] 102660051…
2026-03-29 12:59:30,611 [INFO] [102660051] Sem bula do paciente.
2026-03-29 12:59:30,611 [INFO] [102660051] Sem bula — marcado no checkpoint.
2026-03-29 12:59:30,612 [INFO] [574/10178] 100470633…
2026-03-29 12:59:32,230 [INFO] [100470633] Baixado → bula_1774789172046.pdf
2026-03-29 12:59:32,260 [INFO] [575/10178] 154230070…
2026-03-29 12:59:34,921 [INFO] [154230070] Baixado → bula_1774789174350.pdf
2026-03-29 12:59:34,954 [INFO] [576/10178] 100380040…
2026-03-29 12:59:43,628 [INFO] [100380040] Sem bula do paciente.
2026-03-29 12:59:43,628 [INFO] [100380040] Sem bula — marcado no checkpoint.
2026-03-29 12:59:43,629 [INFO] [577/10178] 112363357…
2026-03-29 12:59:45,298 [INFO] [112363357] Baixado → bula_1774789185176.pdf
2026-03-29 12:59:45,341 [INFO] [578/10178] 100890194…
2026-03-29 12:59:47,973 [INFO] [100890194] Baixado → bula_1774789187545.pdf
2026-03-29 12:59:48,001 [INFO] [579/10178] 100890413…
2026-03-29 12:59:49,626 [INFO] [100890413] Baixado → bula_1774789189369.pdf
2026-03-29 12:59:49,653 [INFO] [580/10178] 100890372…
2026-03-29 12:59:52,310 [INFO] [100890372] Baixado → bula_1774789191773.pdf
2026-03-29 12:59:52,337 [INFO] [581/10178] 102351306…
2026-03-29 12:59:54,999 [INFO] [102351306] Baixado → bula_1774789194083.pdf
2026-03-29 12:59:55,033 [INFO] [582/10178] 122140069…
2026-03-29 12:59:58,657 [INFO] [122140069] Baixado → bula_1774789197837.pdf
2026-03-29 12:59:58,706 [INFO] Reinício preventivo após 400 downloads.
2026-03-29 12:59:58,706 [INFO] Reiniciando driver…
2026-03-29 13:00:04,932 [INFO] Driver initialised.
2026-03-29 13:00:04,932 [INFO] Driver reiniciado com sucesso.
2026-03-29 13:00:04,932 [INFO] [583/10178] 177940034…
2026-03-29 13:00:38,561 [WARNING] [177940034] PDF não apareceu no disco — possível erro de driver.
2026-03-29 13:00:38,561 [WARNING] [177940034] Erro de driver (1/3). NÃO marcado no checkpoint.
2026-03-29 13:00:38,585 [INFO] Reiniciando driver…
2026-03-29 13:00:44,969 [INFO] Driver initialised.
2026-03-29 13:00:44,969 [INFO] Driver reiniciado com sucesso.
2026-03-29 13:00:44,969 [INFO] Reinício preventivo após 400 downloads.
2026-03-29 13:00:44,970 [INFO] Reiniciando driver…
2026-03-29 13:00:51,440 [INFO] Driver initialised.
2026-03-29 13:00:51,440 [INFO] Driver reiniciado com sucesso.
2026-03-29 13:00:51,440 [INFO] [583/10178] 177940034…
2026-03-29 13:00:55,302 [INFO] [177940034] Baixado → bula_1774789254931.pdf
2026-03-29 13:00:55,320 [INFO] [584/10178] 100470590…
2026-03-29 13:01:04,008 [INFO] [100470590] Sem bula do paciente.
2026-03-29 13:01:04,008 [INFO] [100470590] Sem bula — marcado no checkpoint.
2026-03-29 13:01:04,009 [INFO] [585/10178] 104971383…
2026-03-29 13:01:27,473 [INFO] [104971383] Sem bula do paciente.
2026-03-29 13:01:27,473 [INFO] [104971383] Sem bula — marcado no checkpoint.
2026-03-29 13:01:27,474 [INFO] [586/10178] 178170064…
2026-03-29 13:01:36,153 [INFO] [178170064] Sem bula do paciente.
2026-03-29 13:01:36,153 [INFO] [178170064] Sem bula — marcado no checkpoint.
2026-03-29 13:01:36,154 [INFO] [587/10178] 102351373…
2026-03-29 13:01:59,571 [INFO] [102351373] Sem bula do paciente.
2026-03-29 13:01:59,572 [INFO] [102351373] Sem bula — marcado no checkpoint.
2026-03-29 13:01:59,572 [INFO] [588/10178] 102351399…
2026-03-29 13:02:08,243 [INFO] [102351399] Sem bula do paciente.
2026-03-29 13:02:08,243 [INFO] [102351399] Sem bula — marcado no checkpoint.
2026-03-29 13:02:08,244 [INFO] [589/10178] 118190131…
2026-03-29 13:02:16,947 [INFO] [118190131] Sem bula do paciente.
2026-03-29 13:02:16,947 [INFO] [118190131] Sem bula — marcado no checkpoint.
2026-03-29 13:02:16,948 [INFO] [590/10178] 105830220…
2026-03-29 13:02:18,607 [INFO] [105830220] Baixado → bula_1774789338563.pdf
2026-03-29 13:02:18,634 [INFO] [591/10178] 100890415…
2026-03-29 13:02:21,263 [INFO] [100890415] Baixado → bula_1774789340406.pdf
2026-03-29 13:02:21,288 [INFO] [592/10178] 183260404…
2026-03-29 13:02:29,947 [INFO] [183260404] Sem bula do paciente.
2026-03-29 13:02:29,947 [INFO] [183260404] Sem bula — marcado no checkpoint.
2026-03-29 13:02:29,948 [INFO] [593/10178] 155730001…
2026-03-29 13:02:33,565 [INFO] [155730001] Baixado → bula_1774789352645.pdf
2026-03-29 13:02:33,667 [INFO] [594/10178] 100431223…
2026-03-29 13:02:36,275 [INFO] [100431223] Baixado → bula_1774789356171.pdf
2026-03-29 13:02:36,298 [INFO] [595/10178] 109740245…
2026-03-29 13:02:37,913 [INFO] [109740245] Baixado → bula_1774789357819.pdf
2026-03-29 13:02:37,932 [INFO] [596/10178] 128760023…
2026-03-29 13:02:39,543 [INFO] [128760023] Baixado → bula_1774789359142.pdf
2026-03-29 13:02:39,560 [INFO] [597/10178] 135690675…
2026-03-29 13:02:48,218 [INFO] [135690675] Sem bula do paciente.
2026-03-29 13:02:48,218 [INFO] [135690675] Sem bula — marcado no checkpoint.
2026-03-29 13:02:48,219 [INFO] [598/10178] 105730584…
2026-03-29 13:02:51,833 [INFO] [105730584] Baixado → bula_1774789371016.pdf
2026-03-29 13:02:51,884 [INFO] [599/10178] 105730634…
2026-03-29 13:03:00,535 [INFO] [105730634] Sem bula do paciente.
2026-03-29 13:03:00,536 [INFO] [105730634] Sem bula — marcado no checkpoint.
2026-03-29 13:03:00,537 [INFO] [600/10178] 103700254…
2026-03-29 13:03:02,150 [INFO] [103700254] Baixado → bula_1774789381417.pdf
2026-03-29 13:03:02,169 [INFO] [601/10178] 103900117…
2026-03-29 13:03:15,397 [INFO] [103900117] Sem bula do paciente.
2026-03-29 13:03:15,397 [INFO] [103900117] Sem bula — marcado no checkpoint.
2026-03-29 13:03:15,398 [INFO] [602/10178] 101000643…
2026-03-29 13:03:24,104 [INFO] [101000643] Sem bula do paciente.
2026-03-29 13:03:24,104 [INFO] [101000643] Sem bula — marcado no checkpoint.
2026-03-29 13:03:24,105 [INFO] [603/10178] 178170797…
2026-03-29 13:03:27,721 [INFO] [178170797] Baixado → bula_1774789407651.pdf
2026-03-29 13:03:27,747 [INFO] [604/10178] 178170919…
2026-03-29 13:03:51,134 [INFO] [178170919] Sem bula do paciente.
2026-03-29 13:03:51,134 [INFO] [178170919] Sem bula — marcado no checkpoint.
2026-03-29 13:03:51,135 [INFO] [605/10178] 178170866…
2026-03-29 13:03:59,795 [INFO] [178170866] Sem bula do paciente.
2026-03-29 13:03:59,795 [INFO] [178170866] Sem bula — marcado no checkpoint.
2026-03-29 13:03:59,796 [INFO] [606/10178] 178170856…
2026-03-29 13:04:08,465 [INFO] [178170856] Sem bula do paciente.
2026-03-29 13:04:08,466 [INFO] [178170856] Sem bula — marcado no checkpoint.
2026-03-29 13:04:08,467 [INFO] [607/10178] 109740091…
2026-03-29 13:04:10,086 [INFO] [109740091] Baixado → bula_1774789449637.pdf
2026-03-29 13:04:10,106 [INFO] [608/10178] 100431295…
2026-03-29 13:04:18,770 [INFO] [100431295] Sem bula do paciente.
2026-03-29 13:04:18,770 [INFO] [100431295] Sem bula — marcado no checkpoint.
2026-03-29 13:04:18,771 [INFO] [609/10178] 100431210…
2026-03-29 13:04:21,436 [INFO] [100431210] Baixado → bula_1774789461063.pdf
2026-03-29 13:04:21,469 [INFO] [610/10178] 126750324…
2026-03-29 13:04:30,130 [INFO] [126750324] Sem bula do paciente.
2026-03-29 13:04:30,130 [INFO] [126750324] Sem bula — marcado no checkpoint.
2026-03-29 13:04:30,131 [INFO] [611/10178] 100410197…
2026-03-29 13:04:38,796 [INFO] [100410197] Sem bula do paciente.
2026-03-29 13:04:38,796 [INFO] [100410197] Sem bula — marcado no checkpoint.
2026-03-29 13:04:38,797 [INFO] [612/10178] 155840078…
2026-03-29 13:05:09,426 [WARNING] [155840078] PDF não apareceu no disco — possível erro de driver.
2026-03-29 13:05:09,426 [WARNING] [155840078] Erro de driver (1/3). NÃO marcado no checkpoint.
2026-03-29 13:05:09,426 [INFO] Reiniciando driver…
2026-03-29 13:05:15,564 [INFO] Driver initialised.
2026-03-29 13:05:15,564 [INFO] Driver reiniciado com sucesso.
2026-03-29 13:05:15,564 [INFO] [612/10178] 155840078…
2026-03-29 13:05:27,128 [INFO] [155840078] Baixado → bula_1774789527103.pdf
2026-03-29 13:05:27,128 [ERROR] [155840078] Erro ao processar PDF: Cannot open empty file: filename='/home/yanetti/Desktop/extensao/server-medications/lembramed/api/src/anvisa_data/data/bula_1774789527103.pdf'.
2026-03-29 13:05:27,139 [INFO] [613/10178] 141070053…
2026-03-29 13:05:57,829 [WARNING] [141070053] PDF não apareceu no disco — possível erro de driver.
2026-03-29 13:05:57,830 [WARNING] [141070053] Erro de driver (1/3). NÃO marcado no checkpoint.
2026-03-29 13:05:57,830 [INFO] Reiniciando driver…
2026-03-29 13:06:04,226 [INFO] Driver initialised.
2026-03-29 13:06:04,226 [INFO] Driver reiniciado com sucesso.
2026-03-29 13:06:04,226 [INFO] [613/10178] 141070053…
2026-03-29 13:06:12,554 [INFO] [141070053] Baixado → bula_1774789572471.pdf
2026-03-29 13:06:12,565 [INFO] [614/10178] 103850110…
2026-03-29 13:06:15,199 [INFO] [103850110] Baixado → bula_1774789574427.pdf
2026-03-29 13:06:15,221 [INFO] [615/10178] 104971404…
2026-03-29 13:06:16,862 [INFO] [104971404] Baixado → bula_1774789576418.pdf
2026-03-29 13:06:16,882 [INFO] [616/10178] 104970020…
2026-03-29 13:06:18,504 [INFO] [104970020] Baixado → bula_1774789578075.pdf
2026-03-29 13:06:18,529 [INFO] [617/10178] 118190224…
2026-03-29 13:06:20,158 [INFO] [118190224] Baixado → bula_1774789580010.pdf
2026-03-29 13:06:20,175 [INFO] [618/10178] 105730583…
2026-03-29 13:06:22,803 [INFO] [105730583] Baixado → bula_1774789581885.pdf
2026-03-29 13:06:22,839 [INFO] [619/10178] 105730793…
2026-03-29 13:06:28,472 [INFO] [105730793] Baixado → bula_1774789588196.pdf
2026-03-29 13:06:28,548 [INFO] [620/10178] 105730682…
2026-03-29 13:06:31,200 [INFO] [105730682] Baixado → bula_1774789590390.pdf
2026-03-29 13:06:31,234 [INFO] [621/10178] 105830845…
2026-03-29 13:06:39,906 [INFO] [105830845] Sem bula do paciente.
2026-03-29 13:06:39,906 [INFO] [105830845] Sem bula — marcado no checkpoint.
2026-03-29 13:06:39,907 [INFO] [622/10178] 105830771…
2026-03-29 13:06:41,570 [INFO] [105830771] Baixado → bula_1774789601207.pdf
2026-03-29 13:06:41,594 [INFO] [623/10178] 105830913…
2026-03-29 13:06:50,269 [INFO] [105830913] Sem bula do paciente.
2026-03-29 13:06:50,269 [INFO] [105830913] Sem bula — marcado no checkpoint.
2026-03-29 13:06:50,271 [INFO] [624/10178] 100681122…
2026-03-29 13:06:56,896 [INFO] [100681122] Baixado → bula_1774789616748.pdf
2026-03-29 13:06:57,040 [INFO] [625/10178] 191980003…
2026-03-29 13:06:58,705 [INFO] [191980003] Baixado → bula_1774789618557.pdf
2026-03-29 13:06:58,741 [INFO] [626/10178] 112780051…
2026-03-29 13:07:07,409 [INFO] [112780051] Sem bula do paciente.
2026-03-29 13:07:07,410 [INFO] [112780051] Sem bula — marcado no checkpoint.
2026-03-29 13:07:07,411 [INFO] [627/10178] 112780056…
2026-03-29 13:07:16,069 [INFO] [112780056] Sem bula do paciente.
2026-03-29 13:07:16,069 [INFO] [112780056] Sem bula — marcado no checkpoint.
2026-03-29 13:07:16,070 [INFO] [628/10178] 105831000…
2026-03-29 13:07:17,676 [INFO] [105831000] Baixado → bula_1774789637455.pdf
2026-03-29 13:07:17,697 [INFO] [629/10178] 100290007…
2026-03-29 13:07:23,337 [INFO] [100290007] Baixado → bula_1774789642146.pdf
2026-03-29 13:07:23,368 [INFO] [630/10178] 141070627…
2026-03-29 13:07:32,049 [INFO] [141070627] Sem bula do paciente.
2026-03-29 13:07:32,049 [INFO] [141070627] Sem bula — marcado no checkpoint.
2026-03-29 13:07:32,050 [INFO] [631/10178] 116880014…
2026-03-29 13:07:40,727 [INFO] [116880014] Sem bula do paciente.
2026-03-29 13:07:40,727 [INFO] [116880014] Sem bula — marcado no checkpoint.
2026-03-29 13:07:40,728 [INFO] [632/10178] 132230104…
2026-03-29 13:07:43,347 [INFO] [132230104] Baixado → bula_1774789662201.pdf
2026-03-29 13:07:43,362 [INFO] [633/10178] 116910007…
2026-03-29 13:07:44,973 [INFO] [116910007] Baixado → bula_1774789664721.pdf
2026-03-29 13:07:44,988 [INFO] [634/10178] 116910008…
2026-03-29 13:07:48,593 [INFO] [116910008] Baixado → bula_1774789666248.pdf
2026-03-29 13:07:48,622 [INFO] [635/10178] 116910006…
2026-03-29 13:07:52,238 [INFO] [116910006] Baixado → bula_1774789670111.pdf
2026-03-29 13:07:52,263 [INFO] [636/10178] 132230107…
2026-03-29 13:07:54,876 [INFO] [132230107] Baixado → bula_1774789673728.pdf
2026-03-29 13:07:54,887 [INFO] [637/10178] 132230102…
2026-03-29 13:07:57,498 [INFO] [132230102] Baixado → bula_1774789677223.pdf
2026-03-29 13:07:57,511 [INFO] [638/10178] 116880013…
2026-03-29 13:08:06,146 [INFO] [116880013] Sem bula do paciente.
2026-03-29 13:08:06,146 [INFO] [116880013] Sem bula — marcado no checkpoint.
2026-03-29 13:08:06,147 [INFO] [639/10178] 132230098…
2026-03-29 13:08:09,261 [INFO] [132230098] Baixado → bula_1774789688012.pdf
2026-03-29 13:08:09,283 [INFO] [640/10178] 132230110…
2026-03-29 13:08:11,883 [INFO] [132230110] Baixado → bula_1774789690719.pdf
2026-03-29 13:08:11,897 [INFO] [641/10178] 132230101…
2026-03-29 13:08:13,504 [INFO] [132230101] Baixado → bula_1774789693355.pdf
2026-03-29 13:08:13,516 [INFO] [642/10178] 116910003…
2026-03-29 13:08:17,119 [INFO] [116910003] Baixado → bula_1774789694568.pdf
2026-03-29 13:08:17,131 [INFO] [643/10178] 104400194…
2026-03-29 13:08:20,757 [INFO] [104400194] Baixado → bula_1774789698447.pdf
2026-03-29 13:08:20,787 [INFO] [644/10178] 183260308…
2026-03-29 13:08:29,480 [INFO] [183260308] Sem bula do paciente.
2026-03-29 13:08:29,480 [INFO] [183260308] Sem bula — marcado no checkpoint.
2026-03-29 13:08:29,481 [INFO] [645/10178] 105530337…
2026-03-29 13:08:33,142 [INFO] [105530337] Baixado → bula_1774789711710.pdf
2026-03-29 13:08:33,174 [INFO] [646/10178] 135170045…
2026-03-29 13:08:36,792 [INFO] [135170045] Baixado → bula_1774789714484.pdf
2026-03-29 13:08:36,817 [INFO] [647/10178] 116180200…
2026-03-29 13:08:45,489 [INFO] [116180200] Sem bula do paciente.
2026-03-29 13:08:45,489 [INFO] [116180200] Sem bula — marcado no checkpoint.
2026-03-29 13:08:45,490 [INFO] [648/10178] 100430991…
2026-03-29 13:09:08,961 [INFO] [100430991] Sem bula do paciente.
2026-03-29 13:09:08,961 [INFO] [100430991] Sem bula — marcado no checkpoint.
2026-03-29 13:09:08,962 [INFO] [649/10178] 100890365…
2026-03-29 13:09:12,140 [INFO] [100890365] Baixado → bula_1774789751264.pdf
2026-03-29 13:09:12,164 [INFO] Reinício preventivo após 440 downloads.
2026-03-29 13:09:12,164 [INFO] Reiniciando driver…
2026-03-29 13:09:14,015 [INFO] Interrompido pelo usuário. Progresso salvo.
2026-03-29 13:09:14,016 [WARNING] Retrying (Retry(total=2, connect=None, read=None, redirect=None, status=None)) after connection broken by 'NewConnectionError("HTTPConnection(host='localhost', port=34513): Failed to establish a new connection: [Errno 111] Connection refused")': /session/a3910bb7-7a48-4475-a723-26855b8acc12
2026-03-29 13:09:14,017 [WARNING] Retrying (Retry(total=1, connect=None, read=None, redirect=None, status=None)) after connection broken by 'NewConnectionError("HTTPConnection(host='localhost', port=34513): Failed to establish a new connection: [Errno 111] Connection refused")': /session/a3910bb7-7a48-4475-a723-26855b8acc12
2026-03-29 13:09:14,017 [WARNING] Retrying (Retry(total=0, connect=None, read=None, redirect=None, status=None)) after connection broken by 'NewConnectionError("HTTPConnection(host='localhost', port=34513): Failed to establish a new connection: [Errno 111] Connection refused")': /session/a3910bb7-7a48-4475-a723-26855b8acc12
